gm_number,opp,win_lose,r,ra,inn,walkoff,forfeit,extra_innings,team,year
1,BOS,L,0,2,0,0,0,0,SEA,2000
2,BOS,W,9,3,0,0,0,0,SEA,2000
3,BOS,W,5,2,0,0,0,0,SEA,2000
4,NYY,W,7,5,0,0,0,0,SEA,2000
5,NYY,L,2,3,0,0,0,0,SEA,2000
6,NYY,W,9,3,0,0,0,0,SEA,2000
7,DET,L,2,5,0,0,0,0,SEA,2000
8,DET,W,4,0,0,0,0,0,SEA,2000
9,DET,L,0,2,0,0,0,0,SEA,2000
10,TOR,W,11,9,0,0,0,0,SEA,2000
11,TOR,W,17,6,0,0,0,0,SEA,2000
12,TOR,W,19,7,0,0,0,0,SEA,2000
13,CHW,L,11,18,0,0,0,0,SEA,2000
14,CHW,L,2,5,0,0,0,0,SEA,2000
15,KCR,W,10,2,0,0,0,0,SEA,2000
16,KCR,W,4,2,0,0,0,0,SEA,2000
17,KCR,W,8,5,0,1,0,0,SEA,2000
18,CLE,L,0,6,0,0,0,0,SEA,2000
19,CLE,W,8,5,0,0,0,0,SEA,2000
20,CLE,L,3,5,10,0,0,1,SEA,2000
21,KCR,L,5,8,0,0,0,0,SEA,2000
22,KCR,W,11,3,0,0,0,0,SEA,2000
23,KCR,L,3,6,0,0,0,0,SEA,2000
24,MIN,W,5,4,0,0,0,0,SEA,2000
25,MIN,L,4,5,10,1,0,1,SEA,2000
26,ANA,L,5,6,0,0,0,0,SEA,2000
27,ANA,W,1,0,0,1,0,0,SEA,2000
28,ANA,W,8,2,0,0,0,0,SEA,2000
29,TEX,L,1,10,0,0,0,0,SEA,2000
30,TEX,W,13,3,0,0,0,0,SEA,2000
31,TEX,L,6,7,0,1,0,0,SEA,2000
32,OAK,L,6,7,0,0,0,0,SEA,2000
33,OAK,L,7,9,0,1,0,0,SEA,2000
34,OAK,W,6,4,0,0,0,0,SEA,2000
35,OAK,L,2,7,0,0,0,0,SEA,2000
36,MIN,W,14,0,0,0,0,0,SEA,2000
37,MIN,W,9,5,0,0,0,0,SEA,2000
38,MIN,W,4,0,0,0,0,0,SEA,2000
39,TBD,W,7,6,0,0,0,0,SEA,2000
40,TBD,L,3,4,0,0,0,0,SEA,2000
41,TBD,W,8,4,0,0,0,0,SEA,2000
42,BAL,L,2,4,0,1,0,0,SEA,2000
43,BAL,L,3,4,0,1,0,0,SEA,2000
44,BAL,L,1,5,0,0,0,0,SEA,2000
45,TBD,W,11,4,0,0,0,0,SEA,2000
46,TBD,W,6,3,0,0,0,0,SEA,2000
47,TBD,L,4,14,0,0,0,0,SEA,2000
48,CHW,W,5,4,0,0,0,0,SEA,2000
49,CHW,L,1,2,0,0,0,0,SEA,2000
50,CHW,L,3,4,0,0,0,0,SEA,2000
51,SDP,W,7,4,0,0,0,0,SEA,2000
52,SDP,L,4,7,0,0,0,0,SEA,2000
53,SDP,W,6,4,0,0,0,0,SEA,2000
54,COL,W,6,2,0,0,0,0,SEA,2000
55,COL,W,4,1,0,0,0,0,SEA,2000
56,COL,L,1,6,0,0,0,0,SEA,2000
57,SFG,L,2,9,0,0,0,0,SEA,2000
58,SFG,W,5,2,0,0,0,0,SEA,2000
59,SFG,W,9,2,0,0,0,0,SEA,2000
60,KCR,W,5,3,0,0,0,0,SEA,2000
61,KCR,W,7,0,6,0,0,0,SEA,2000
62,KCR,L,4,5,0,1,0,0,SEA,2000
63,MIN,W,12,5,0,0,0,0,SEA,2000
64,MIN,L,2,7,0,0,0,0,SEA,2000
65,MIN,W,12,3,0,0,0,0,SEA,2000
66,MIN,W,10,2,0,0,0,0,SEA,2000
67,TBD,L,3,10,0,0,0,0,SEA,2000
68,TBD,W,4,3,0,0,0,0,SEA,2000
69,TBD,W,8,5,0,0,0,0,SEA,2000
70,BAL,W,11,4,0,0,0,0,SEA,2000
71,BAL,W,8,3,0,0,0,0,SEA,2000
72,BAL,W,2,1,0,0,0,0,SEA,2000
73,BAL,W,4,2,0,0,0,0,SEA,2000
74,ANA,W,5,3,0,0,0,0,SEA,2000
75,ANA,L,2,3,0,0,0,0,SEA,2000
76,ANA,W,7,2,0,0,0,0,SEA,2000
77,TEX,L,3,13,0,0,0,0,SEA,2000
78,TEX,W,6,3,0,0,0,0,SEA,2000
79,TEX,W,11,4,0,0,0,0,SEA,2000
80,ANA,W,8,6,0,0,0,0,SEA,2000
81,ANA,L,6,7,0,0,0,0,SEA,2000
82,ANA,W,6,4,0,0,0,0,SEA,2000
83,ANA,L,1,5,0,0,0,0,SEA,2000
84,LAD,L,2,3,11,0,0,1,SEA,2000
85,LAD,W,11,0,0,0,0,0,SEA,2000
86,LAD,W,2,0,0,0,0,0,SEA,2000
87,SDP,L,1,2,10,1,0,1,SEA,2000
88,SDP,W,7,5,0,0,0,0,SEA,2000
89,SDP,L,1,4,0,0,0,0,SEA,2000
90,ARI,W,6,3,0,0,0,0,SEA,2000
91,ARI,L,0,7,0,0,0,0,SEA,2000
92,ARI,W,5,2,0,0,0,0,SEA,2000
93,OAK,W,6,3,0,0,0,0,SEA,2000
94,OAK,L,4,5,0,0,0,0,SEA,2000
95,TEX,W,12,3,0,0,0,0,SEA,2000
96,TEX,W,13,5,0,0,0,0,SEA,2000
97,TEX,L,2,3,0,0,0,0,SEA,2000
98,OAK,W,6,4,0,0,0,0,SEA,2000
99,OAK,L,7,8,0,0,0,0,SEA,2000
100,OAK,L,1,6,0,0,0,0,SEA,2000
101,TOR,L,2,7,0,0,0,0,SEA,2000
102,TOR,W,7,4,0,0,0,0,SEA,2000
103,TOR,W,6,5,13,1,0,1,SEA,2000
104,TOR,W,10,6,0,0,0,0,SEA,2000
105,BOS,L,5,8,0,0,0,0,SEA,2000
106,BOS,W,5,4,19,1,0,1,SEA,2000
107,BOS,L,2,5,0,0,0,0,SEA,2000
108,NYY,L,6,13,0,0,0,0,SEA,2000
109,NYY,W &H,6,5,0,0,0,0,SEA,2000
110,NYY,W,11,1,0,0,0,0,SEA,2000
111,NYY,W,8,5,0,0,0,0,SEA,2000
112,CHW,W,12,4,0,0,0,0,SEA,2000
113,CHW,W,7,5,0,0,0,0,SEA,2000
114,CHW,L,3,19,0,0,0,0,SEA,2000
115,CHW,W,6,3,0,0,0,0,SEA,2000
116,CLE,W,7,1,0,0,0,0,SEA,2000
117,CLE,L,4,5,0,0,0,0,SEA,2000
118,CLE,L,4,10,0,0,0,0,SEA,2000
119,DET,L,4,15,0,0,0,0,SEA,2000
120,DET,L,0,9,0,0,0,0,SEA,2000
121,DET,L,8,12,0,0,0,0,SEA,2000
122,CLE,L,8,9,0,1,0,0,SEA,2000
123,CLE,L,4,10,0,0,0,0,SEA,2000
124,CLE,L,4,12,0,0,0,0,SEA,2000
125,DET,W,8,4,0,0,0,0,SEA,2000
126,DET,L,5,6,0,0,0,0,SEA,2000
127,DET,L,3,10,0,0,0,0,SEA,2000
128,CHW,L,1,4,0,0,0,0,SEA,2000
129,CHW,W,11,5,0,0,0,0,SEA,2000
130,CHW,L,1,2,0,0,0,0,SEA,2000
131,NYY,L,1,9,0,0,0,0,SEA,2000
132,NYY,W,5,3,0,0,0,0,SEA,2000
133,NYY,L,4,5,0,0,0,0,SEA,2000
134,BOS,L,2,6,0,0,0,0,SEA,2000
135,BOS,W,4,1,0,0,0,0,SEA,2000
136,BOS,W,5,0,0,0,0,0,SEA,2000
137,BOS,L,1,5,0,0,0,0,SEA,2000
138,TOR,W,4,3,0,0,0,0,SEA,2000
139,TOR,L,3,7,0,0,0,0,SEA,2000
140,TOR,W,8,1,0,0,0,0,SEA,2000
141,MIN,L,2,4,0,0,0,0,SEA,2000
142,MIN,W,7,2,0,0,0,0,SEA,2000
143,MIN,W,8,1,0,0,0,0,SEA,2000
144,KCR,L,3,6,0,0,0,0,SEA,2000
145,KCR,W,11,3,0,0,0,0,SEA,2000
146,KCR,W,2,1,11,1,0,1,SEA,2000
147,BAL,W,10,2,0,0,0,0,SEA,2000
148,BAL,W,14,0,0,0,0,0,SEA,2000
149,BAL,W,3,2,0,0,0,0,SEA,2000
150,TBD,W,4,3,0,0,0,0,SEA,2000
151,TBD,W,5,2,0,0,0,0,SEA,2000
152,TBD,W,5,4,0,0,0,0,SEA,2000
153,OAK,L,2,5,0,0,0,0,SEA,2000
154,OAK,L,3,8,0,0,0,0,SEA,2000
155,OAK,L,2,8,0,0,0,0,SEA,2000
156,OAK,W,3,2,0,0,0,0,SEA,2000
157,TEX,W,5,0,0,0,0,0,SEA,2000
158,TEX,W,6,4,0,0,0,0,SEA,2000
159,TEX,L,6,13,0,0,0,0,SEA,2000
160,ANA,L,3,9,0,0,0,0,SEA,2000
161,ANA,W,21,9,0,0,0,0,SEA,2000
162,ANA,W,5,2,0,0,0,0,SEA,2000
1,OAK,W,5,4,0,0,0,0,SEA,2001
2,OAK,L,1,5,0,0,0,0,SEA,2001
3,OAK,W,10,2,0,0,0,0,SEA,2001
4,TEX,W,9,7,10,0,0,1,SEA,2001
5,TEX,W,6,5,0,0,0,0,SEA,2001
6,TEX,L,4,5,0,0,0,0,SEA,2001
7,OAK,W,5,1,0,0,0,0,SEA,2001
8,OAK,W,3,0,0,0,0,0,SEA,2001
9,OAK,W,7,3,0,0,0,0,SEA,2001
10,ANA,L,3,4,0,1,0,0,SEA,2001
11,ANA,W,2,1,0,0,0,0,SEA,2001
12,ANA,W,7,5,0,0,0,0,SEA,2001
13,TEX,W,9,7,0,0,0,0,SEA,2001
14,TEX,W,6,4,0,0,0,0,SEA,2001
15,TEX,L,6,8,0,0,0,0,SEA,2001
16,ANA,W,3,2,0,0,0,0,SEA,2001
17,ANA,W,4,1,0,0,0,0,SEA,2001
18,ANA,W,5,2,0,0,0,0,SEA,2001
19,ANA,W,5,0,0,0,0,0,SEA,2001
20,NYY,W,7,5,0,0,0,0,SEA,2001
21,NYY,W,7,5,0,0,0,0,SEA,2001
22,NYY,W,7,3,0,0,0,0,SEA,2001
23,CHW,W,8,3,0,0,0,0,SEA,2001
24,CHW,W,8,5,0,0,0,0,SEA,2001
25,CHW,L,1,2,14,1,0,1,SEA,2001
26,BOS,L,0,2,0,0,0,0,SEA,2001
27,BOS,W,5,1,0,0,0,0,SEA,2001
28,BOS,W,10,3,0,0,0,0,SEA,2001
29,TOR,L,3,8,0,0,0,0,SEA,2001
30,TOR,W,7,5,0,0,0,0,SEA,2001
31,TOR,L,3,11,0,0,0,0,SEA,2001
32,BOS,L,4,12,0,0,0,0,SEA,2001
33,BOS,W,10,5,0,0,0,0,SEA,2001
34,BOS,W,5,2,0,0,0,0,SEA,2001
35,TOR,W,7,2,0,0,0,0,SEA,2001
36,TOR,W,11,7,0,0,0,0,SEA,2001
37,TOR,W,7,5,0,0,0,0,SEA,2001
38,CHW,W,4,3,0,0,0,0,SEA,2001
39,CHW,W,7,2,0,0,0,0,SEA,2001
40,CHW,W,5,1,0,0,0,0,SEA,2001
41,NYY,L,10,14,0,0,0,0,SEA,2001
42,NYY,L,1,2,10,0,0,1,SEA,2001
43,NYY,W,6,2,0,0,0,0,SEA,2001
44,MIN,L,11,12,0,0,0,0,SEA,2001
45,MIN,W,5,4,0,0,0,0,SEA,2001
46,KCR,W,9,6,0,0,0,0,SEA,2001
47,KCR,W,7,2,0,0,0,0,SEA,2001
48,KCR,W,5,4,11,0,0,1,SEA,2001
49,KCR,W,13,3,0,0,0,0,SEA,2001
50,BAL,W,3,2,0,0,0,0,SEA,2001
51,BAL,W,12,5,0,0,0,0,SEA,2001
52,BAL,W,2,1,0,0,0,0,SEA,2001
53,TBD,W,8,4,0,0,0,0,SEA,2001
54,TBD,W,7,4,0,0,0,0,SEA,2001
55,TBD,W,8,4,0,0,0,0,SEA,2001
56,TEX,W,11,6,0,0,0,0,SEA,2001
57,TEX,W,5,4,0,0,0,0,SEA,2001
58,TEX,W,7,3,0,0,0,0,SEA,2001
59,SDP,W,7,1,0,0,0,0,SEA,2001
60,SDP,L,3,6,0,0,0,0,SEA,2001
61,SDP,W,8,1,0,0,0,0,SEA,2001
62,COL,W,10,9,0,0,0,0,SEA,2001
63,COL,L,2,8,0,0,0,0,SEA,2001
64,COL,W,5,1,0,0,0,0,SEA,2001
65,SDP,W,8,4,0,0,0,0,SEA,2001
66,SDP,W,9,2,0,0,0,0,SEA,2001
67,SDP,L,9,11,0,0,0,0,SEA,2001
68,OAK,L,3,4,0,0,0,0,SEA,2001
69,OAK,W,8,7,0,0,0,0,SEA,2001
70,OAK,L,4,6,0,1,0,0,SEA,2001
71,OAK,W,12,10,0,0,0,0,SEA,2001
72,ANA,L,1,8,0,0,0,0,SEA,2001
73,ANA,L,1,2,0,0,0,0,SEA,2001
74,ANA,W,7,3,0,0,0,0,SEA,2001
75,OAK,W,7,3,0,0,0,0,SEA,2001
76,OAK,L,3,6,0,0,0,0,SEA,2001
77,OAK,L,3,6,0,0,0,0,SEA,2001
78,ANA,W,9,5,0,0,0,0,SEA,2001
79,ANA,W,5,3,0,0,0,0,SEA,2001
80,ANA,W,5,0,0,0,0,0,SEA,2001
81,TEX,W,9,7,10,0,0,1,SEA,2001
82,TEX,W,8,4,0,0,0,0,SEA,2001
83,TEX,L,3,6,0,0,0,0,SEA,2001
84,TEX,L,2,14,0,0,0,0,SEA,2001
85,LAD,W,13,0,0,0,0,0,SEA,2001
86,LAD,L,1,2,0,1,0,0,SEA,2001
87,LAD,W,9,2,0,0,0,0,SEA,2001
88,SFG,W,4,3,11,1,0,1,SEA,2001
89,SFG,L,3,5,0,0,0,0,SEA,2001
90,SFG,W,3,2,0,0,0,0,SEA,2001
91,ARI,W,8,0,0,0,0,0,SEA,2001
92,ARI,L,3,5,0,0,0,0,SEA,2001
93,ARI,W,6,1,0,0,0,0,SEA,2001
94,KCR,W,2,0,10,0,0,1,SEA,2001
95,KCR,L,3,6,0,0,0,0,SEA,2001
96,MIN,W,4,0,0,0,0,0,SEA,2001
97,MIN,W,6,3,0,0,0,0,SEA,2001
98,MIN,W,6,3,0,0,0,0,SEA,2001
99,MIN,W,3,2,0,0,0,0,SEA,2001
100,KCR,L,1,6,0,0,0,0,SEA,2001
101,KCR,L,1,5,0,0,0,0,SEA,2001
102,KCR,W,4,0,0,0,0,0,SEA,2001
103,MIN,W,11,4,0,0,0,0,SEA,2001
104,MIN,W,5,1,0,0,0,0,SEA,2001
105,MIN,W,10,2,0,0,0,0,SEA,2001
106,DET,L,2,4,0,0,0,0,SEA,2001
107,DET,W,7,1,0,0,0,0,SEA,2001
108,DET,W,2,1,0,0,0,0,SEA,2001
109,CLE,W,2,1,0,0,0,0,SEA,2001
110,CLE,W,8,5,0,0,0,0,SEA,2001
111,CLE,L,14,15,11,1,0,1,SEA,2001
112,CLE,W,8,6,0,0,0,0,SEA,2001
113,TOR,W,5,4,14,1,0,1,SEA,2001
114,TOR,W,12,4,0,0,0,0,SEA,2001
115,TOR,L,5,6,0,0,0,0,SEA,2001
116,CHW,L,6,8,0,0,0,0,SEA,2001
117,CHW,W,4,3,0,1,0,0,SEA,2001
118,CHW,W,2,1,0,0,0,0,SEA,2001
119,BOS,W,6,3,11,0,0,1,SEA,2001
120,BOS,W,6,2,0,0,0,0,SEA,2001
121,BOS,L,4,6,0,0,0,0,SEA,2001
122,NYY,L,0,4,0,0,0,0,SEA,2001
123,NYY,W,7,6,0,0,0,0,SEA,2001
124,NYY,W,10,2,0,0,0,0,SEA,2001
125,DET,L,1,4,0,0,0,0,SEA,2001
126,DET,W,4,1,0,0,0,0,SEA,2001
127,DET,W,16,1,0,0,0,0,SEA,2001
128,DET,W,5,1,0,0,0,0,SEA,2001
129,CLE,W,4,1,0,0,0,0,SEA,2001
130,CLE,W,3,2,11,1,0,1,SEA,2001
131,CLE,L,3,4,0,0,0,0,SEA,2001
132,TBD,L,0,6,0,0,0,0,SEA,2001
133,TBD,W,5,2,0,0,0,0,SEA,2001
134,TBD,W,4,0,0,0,0,0,SEA,2001
135,BAL,L,0,3,9,0,0,1,SEA,2001
136,BAL,W,6,4,0,0,0,0,SEA,2001
137,BAL,W,1,0,0,0,0,0,SEA,2001
138,TBD,W,3,2,11,1,0,1,SEA,2001
139,TBD,L,3,8,10,0,0,1,SEA,2001
140,TBD,W,12,6,0,0,0,0,SEA,2001
141,BAL,W,10,1,0,0,0,0,SEA,2001
142,BAL,W,6,1,0,0,0,0,SEA,2001
143,BAL,W,6,0,0,0,0,0,SEA,2001
144,ANA,W,5,1,0,0,0,0,SEA,2001
145,ANA,W,4,0,0,0,0,0,SEA,2001
146,ANA,W,5,0,0,0,0,0,SEA,2001
147,ANA,L,3,6,0,0,0,0,SEA,2001
148,OAK,L,1,5,0,0,0,0,SEA,2001
149,OAK,L,2,11,0,0,0,0,SEA,2001
150,OAK,L,4,7,0,0,0,0,SEA,2001
151,TEX,W,9,3,0,0,0,0,SEA,2001
152,TEX,W,13,2,0,0,0,0,SEA,2001
153,TEX,W,7,5,0,0,0,0,SEA,2001
154,OAK,W,5,3,0,0,0,0,SEA,2001
155,OAK,L,4,8,0,0,0,0,SEA,2001
156,OAK,W,6,3,0,0,0,0,SEA,2001
157,ANA,W,14,5,0,0,0,0,SEA,2001
158,ANA,W,4,3,0,0,0,0,SEA,2001
159,TEX,W,16,1,0,0,0,0,SEA,2001
160,TEX,W,6,2,0,0,0,0,SEA,2001
161,TEX,W,1,0,0,0,0,0,SEA,2001
162,TEX,L,3,4,0,0,0,0,SEA,2001
1,CHW,L,5,6,0,0,0,0,SEA,2002
2,CHW,W,7,4,0,0,0,0,SEA,2002
3,CHW,W,7,6,0,1,0,0,SEA,2002
4,OAK,W,7,1,0,0,0,0,SEA,2002
5,OAK,L,3,8,0,0,0,0,SEA,2002
6,OAK,L,5,6,0,0,0,0,SEA,2002
7,ANA,W,5,4,0,0,0,0,SEA,2002
8,ANA,W,5,1,0,0,0,0,SEA,2002
9,ANA,W,8,1,0,0,0,0,SEA,2002
10,ANA,W,8,4,0,0,0,0,SEA,2002
11,TEX,W,7,3,0,0,0,0,SEA,2002
12,TEX,W,9,4,0,0,0,0,SEA,2002
13,TEX,W,9,7,0,0,0,0,SEA,2002
14,TEX,W,13,11,10,0,0,1,SEA,2002
15,OAK,W,6,2,7,0,0,0,SEA,2002
16,OAK,W,7,4,0,0,0,0,SEA,2002
17,TEX,L,0,9,0,0,0,0,SEA,2002
18,TEX,W,3,2,11,1,0,1,SEA,2002
19,TEX,W,5,3,0,0,0,0,SEA,2002
20,ANA,W,16,5,0,0,0,0,SEA,2002
21,ANA,W,1,0,0,0,0,0,SEA,2002
22,ANA,L,6,10,0,0,0,0,SEA,2002
23,NYY,L,1,7,0,0,0,0,SEA,2002
24,NYY,W,1,0,0,0,0,0,SEA,2002
25,NYY,L,3,4,0,0,0,0,SEA,2002
26,CHW,L,4,8,0,0,0,0,SEA,2002
27,CHW,L,2,9,8,0,0,0,SEA,2002
28,CHW,W,15,4,0,0,0,0,SEA,2002
29,NYY,W,6,2,0,0,0,0,SEA,2002
30,NYY,W,9,5,0,0,0,0,SEA,2002
31,NYY,W,10,6,0,0,0,0,SEA,2002
32,TOR,L,1,4,0,0,0,0,SEA,2002
33,TOR,W,5,4,10,1,0,1,SEA,2002
34,TOR,W,8,7,11,1,0,1,SEA,2002
35,BOS,W,7,2,0,0,0,0,SEA,2002
36,BOS,W,3,1,0,0,0,0,SEA,2002
37,BOS,L,4,10,0,0,0,0,SEA,2002
38,TOR,L,3,6,0,0,0,0,SEA,2002
39,TOR,W,8,6,0,0,0,0,SEA,2002
40,TOR,W,15,2,0,0,0,0,SEA,2002
41,BOS,W,6,3,0,0,0,0,SEA,2002
42,BOS,L,1,4,0,0,0,0,SEA,2002
43,BOS,L,2,3,0,0,0,0,SEA,2002
44,TBD,L,0,1,0,0,0,0,SEA,2002
45,TBD,L,2,3,0,0,0,0,SEA,2002
46,TBD,W,7,3,0,0,0,0,SEA,2002
47,BAL,W,6,2,0,0,0,0,SEA,2002
48,BAL,L,2,3,0,0,0,0,SEA,2002
49,BAL,W,8,1,0,0,0,0,SEA,2002
50,TBD,L,1,5,0,0,0,0,SEA,2002
51,TBD,W,5,2,0,0,0,0,SEA,2002
52,BAL,W,5,4,0,0,0,0,SEA,2002
53,BAL,L,7,8,10,1,0,1,SEA,2002
54,BAL,L,3,4,0,1,0,0,SEA,2002
55,BAL,W,11,8,0,0,0,0,SEA,2002
56,OAK,W,4,1,0,0,0,0,SEA,2002
57,OAK,L,2,3,10,1,0,1,SEA,2002
58,OAK,W,5,0,0,0,0,0,SEA,2002
59,OAK,L,4,10,0,0,0,0,SEA,2002
60,CHC,L,0,2,0,0,0,0,SEA,2002
61,CHC,W,4,2,0,0,0,0,SEA,2002
62,CHC,L,1,5,0,0,0,0,SEA,2002
63,STL,W,10,0,0,0,0,0,SEA,2002
64,STL,L,4,7,0,0,0,0,SEA,2002
65,STL,W,5,0,0,0,0,0,SEA,2002
66,SDP,W,6,3,0,0,0,0,SEA,2002
67,SDP,L,1,3,0,0,0,0,SEA,2002
68,SDP,L,3,5,0,0,0,0,SEA,2002
69,CIN,W,8,1,0,0,0,0,SEA,2002
70,CIN,W,2,0,0,0,0,0,SEA,2002
71,CIN,W,3,2,0,0,0,0,SEA,2002
72,HOU,W,8,0,0,0,0,0,SEA,2002
73,HOU,L,2,3,12,1,0,1,SEA,2002
74,HOU,W,10,5,0,0,0,0,SEA,2002
75,OAK,L,2,13,0,0,0,0,SEA,2002
76,OAK,W,7,1,0,0,0,0,SEA,2002
77,OAK,W,1,0,0,0,0,0,SEA,2002
78,OAK,W,7,4,0,0,0,0,SEA,2002
79,COL,W,6,2,0,0,0,0,SEA,2002
80,COL,W,8,1,0,0,0,0,SEA,2002
81,COL,L,3,4,0,0,0,0,SEA,2002
82,KCR,W,7,0,0,0,0,0,SEA,2002
83,KCR,L,5,7,0,0,0,0,SEA,2002
84,KCR,W,3,0,0,0,0,0,SEA,2002
85,MIN,W,2,1,0,0,0,0,SEA,2002
86,MIN,L,4,8,0,0,0,0,SEA,2002
87,MIN,L,2,7,0,0,0,0,SEA,2002
88,MIN,W,8,2,0,0,0,0,SEA,2002
89,TBD,W,4,0,0,0,0,0,SEA,2002
90,TBD,W,2,1,0,0,0,0,SEA,2002
91,TBD,L,3,4,10,1,0,1,SEA,2002
92,TBD,W,7,6,0,0,0,0,SEA,2002
93,BAL,L,5,6,0,0,0,0,SEA,2002
94,BAL,L,1,6,0,0,0,0,SEA,2002
95,TEX,W,6,3,0,0,0,0,SEA,2002
96,TEX,W,5,3,0,0,0,0,SEA,2002
97,ANA,L,3,15,0,0,0,0,SEA,2002
98,ANA,L,6,7,0,0,0,0,SEA,2002
99,ANA,L,5,7,0,0,0,0,SEA,2002
100,TEX,W,4,1,0,0,0,0,SEA,2002
101,TEX,L,3,4,0,0,0,0,SEA,2002
102,TEX,W,7,2,0,0,0,0,SEA,2002
103,ANA,L,0,8,0,0,0,0,SEA,2002
104,ANA,W,3,1,0,0,0,0,SEA,2002
105,ANA,L,0,1,0,0,0,0,SEA,2002
106,DET,W,4,3,0,0,0,0,SEA,2002
107,DET,W,5,4,10,1,0,1,SEA,2002
108,DET,W,5,2,0,0,0,0,SEA,2002
109,CLE,W,10,6,0,0,0,0,SEA,2002
110,CLE,W,3,1,0,0,0,0,SEA,2002
111,CLE,W,12,4,0,0,0,0,SEA,2002
112,CLE,L,8,10,0,0,0,0,SEA,2002
113,TOR,L,12,14,0,0,0,0,SEA,2002
114,TOR,W,5,4,10,0,0,1,SEA,2002
115,TOR,W,3,1,0,0,0,0,SEA,2002
116,CHW,L,2,10,0,0,0,0,SEA,2002
117,CHW,W,7,3,0,0,0,0,SEA,2002
118,CHW,L,5,6,0,0,0,0,SEA,2002
119,BOS,W,10,3,0,0,0,0,SEA,2002
120,BOS,L,5,12,0,0,0,0,SEA,2002
121,BOS,W,4,3,0,0,0,0,SEA,2002
122,NYY,L,3,9,0,0,0,0,SEA,2002
123,NYY,L,3,8,0,0,0,0,SEA,2002
124,NYY,W,5,2,0,0,0,0,SEA,2002
125,DET,L,3,4,0,0,0,0,SEA,2002
126,DET,L,3,6,0,0,0,0,SEA,2002
127,DET,W,8,2,0,0,0,0,SEA,2002
128,DET,W,4,2,0,0,0,0,SEA,2002
129,CLE,L,2,4,0,1,0,0,SEA,2002
130,CLE,L,3,5,0,1,0,0,SEA,2002
131,CLE,W,12,4,0,0,0,0,SEA,2002
132,MIN,L,2,5,0,0,0,0,SEA,2002
133,MIN,L,1,2,0,0,0,0,SEA,2002
134,MIN,W,2,0,0,0,0,0,SEA,2002
135,KCR,L,1,5,0,0,0,0,SEA,2002
136,KCR,L,2,4,0,0,0,0,SEA,2002
137,KCR,W,9,4,0,0,0,0,SEA,2002
138,MIN,W,5,2,0,0,0,0,SEA,2002
139,MIN,L,2,3,0,0,0,0,SEA,2002
140,KCR,W,14,7,0,0,0,0,SEA,2002
141,KCR,W,9,2,0,0,0,0,SEA,2002
142,KCR,W,16,9,11,0,0,1,SEA,2002
143,TEX,L,7,12,0,0,0,0,SEA,2002
144,TEX,L,2,3,0,0,0,0,SEA,2002
145,TEX,L,3,4,0,1,0,0,SEA,2002
146,TEX,L,3,7,0,0,0,0,SEA,2002
147,OAK,L,0,5,0,0,0,0,SEA,2002
148,OAK,L,0,1,0,0,0,0,SEA,2002
149,OAK,W,6,3,0,0,0,0,SEA,2002
150,TEX,W,6,5,11,1,0,1,SEA,2002
151,TEX,W,3,2,10,1,0,1,SEA,2002
152,TEX,W,3,2,10,1,0,1,SEA,2002
153,TEX,L,7,12,10,0,0,1,SEA,2002
154,ANA,L,1,8,0,0,0,0,SEA,2002
155,ANA,W,6,4,0,0,0,0,SEA,2002
156,ANA,W,3,2,0,0,0,0,SEA,2002
157,OAK,W,8,7,0,0,0,0,SEA,2002
158,OAK,W,3,2,0,0,0,0,SEA,2002
159,OAK,L,3,5,10,0,0,1,SEA,2002
160,ANA,W,7,6,12,0,0,1,SEA,2002
161,ANA,L,4,8,0,0,0,0,SEA,2002
162,ANA,L,6,7,0,0,0,0,SEA,2002
1,OAK,L,0,5,0,0,0,0,SEA,2003
2,OAK,L,3,8,0,0,0,0,SEA,2003
3,OAK,W,7,6,11,0,0,1,SEA,2003
4,TEX,W,6,4,0,0,0,0,SEA,2003
5,TEX,L,4,8,0,0,0,0,SEA,2003
6,TEX,W,11,2,0,0,0,0,SEA,2003
7,ANA,W,5,0,0,0,0,0,SEA,2003
8,ANA,L,1,5,0,0,0,0,SEA,2003
9,ANA,L,0,3,0,0,0,0,SEA,2003
10,TEX,L,2,4,0,0,0,0,SEA,2003
11,TEX,W,13,4,0,0,0,0,SEA,2003
12,TEX,W,4,3,13,1,0,1,SEA,2003
13,OAK,W,4,3,0,0,0,0,SEA,2003
14,OAK,W,5,3,0,0,0,0,SEA,2003
15,OAK,L,1,4,0,0,0,0,SEA,2003
16,OAK,W,4,3,10,1,0,1,SEA,2003
17,ANA,W,8,2,0,0,0,0,SEA,2003
18,ANA,L,6,7,0,1,0,0,SEA,2003
19,ANA,W,7,6,0,0,0,0,SEA,2003
20,CLE,W,8,5,0,1,0,0,SEA,2003
21,CLE,W,4,0,0,0,0,0,SEA,2003
22,CLE,W,4,2,0,0,0,0,SEA,2003
23,DET,W,6,0,0,0,0,0,SEA,2003
24,DET,L,4,6,0,0,0,0,SEA,2003
25,DET,W,4,3,0,0,0,0,SEA,2003
26,NYY,W,6,0,0,0,0,0,SEA,2003
27,NYY,L,5,8,0,0,0,0,SEA,2003
28,NYY,L,1,2,0,0,0,0,SEA,2003
29,CHW,W,9,2,0,0,0,0,SEA,2003
30,CHW,W,12,2,0,0,0,0,SEA,2003
31,CHW,W,5,1,6,0,0,0,SEA,2003
32,NYY,W,12,7,0,0,0,0,SEA,2003
33,NYY,L,2,7,0,0,0,0,SEA,2003
34,NYY,L,5,16,0,0,0,0,SEA,2003
35,CHW,W,6,3,0,0,0,0,SEA,2003
36,CHW,L,3,4,0,0,0,0,SEA,2003
37,CHW,W,7,2,0,0,0,0,SEA,2003
38,CLE,W,8,3,0,0,0,0,SEA,2003
39,CLE,L,2,7,0,0,0,0,SEA,2003
40,CLE,W,9,1,0,0,0,0,SEA,2003
41,DET,W,6,3,0,0,0,0,SEA,2003
42,DET,W,6,3,0,0,0,0,SEA,2003
43,DET,W,6,2,0,0,0,0,SEA,2003
44,KCR,W,7,4,0,0,0,0,SEA,2003
45,KCR,L,5,14,0,0,0,0,SEA,2003
46,KCR,W,5,1,0,0,0,0,SEA,2003
47,MIN,W,5,2,0,0,0,0,SEA,2003
48,MIN,L,2,7,0,0,0,0,SEA,2003
49,MIN,L,1,3,0,0,0,0,SEA,2003
50,KCR,W,15,7,0,0,0,0,SEA,2003
51,KCR,W,5,2,0,0,0,0,SEA,2003
52,MIN,W,10,6,0,0,0,0,SEA,2003
53,MIN,W,6,0,0,0,0,0,SEA,2003
54,MIN,W,5,2,0,0,0,0,SEA,2003
55,MIN,W,9,5,0,0,0,0,SEA,2003
56,PHI,W,4,0,0,0,0,0,SEA,2003
57,PHI,W,7,2,0,0,0,0,SEA,2003
58,PHI,W,5,4,0,0,0,0,SEA,2003
59,NYM,L,2,3,0,0,0,0,SEA,2003
60,NYM,W,13,1,0,0,0,0,SEA,2003
61,NYM,W,7,0,0,0,0,0,SEA,2003
62,MON,L,3,7,0,0,0,0,SEA,2003
63,MON,L,1,3,0,0,0,0,SEA,2003
64,MON,W,1,0,0,0,0,0,SEA,2003
65,ATL,W,2,1,0,0,0,0,SEA,2003
66,ATL,L,1,3,0,0,0,0,SEA,2003
67,ATL,W,2,1,0,0,0,0,SEA,2003
68,ANA,W,6,3,0,0,0,0,SEA,2003
69,ANA,W,8,4,0,0,0,0,SEA,2003
70,ANA,W,2,0,0,0,0,0,SEA,2003
71,ANA,L,0,2,0,0,0,0,SEA,2003
72,SDP,L,3,5,0,1,0,0,SEA,2003
73,SDP,W,4,2,0,0,0,0,SEA,2003
74,SDP,L,1,3,0,0,0,0,SEA,2003
75,ANA,W,6,4,0,0,0,0,SEA,2003
76,ANA,L,3,6,0,0,0,0,SEA,2003
77,ANA,W,10,6,0,0,0,0,SEA,2003
78,SDP,W,8,2,0,0,0,0,SEA,2003
79,SDP,L,0,6,0,0,0,0,SEA,2003
80,SDP,L,6,8,0,0,0,0,SEA,2003
81,OAK,W,3,1,0,0,0,0,SEA,2003
82,OAK,L,2,3,11,1,0,1,SEA,2003
83,OAK,W,13,0,0,0,0,0,SEA,2003
84,OAK,L &H,2,5,0,0,0,0,SEA,2003
85,TEX,L,3,7,0,0,0,0,SEA,2003
86,TEX,W,3,2,10,0,0,1,SEA,2003
87,TEX,L,1,5,0,0,0,0,SEA,2003
88,BAL,W,6,5,0,0,0,0,SEA,2003
89,BAL,L,2,7,0,0,0,0,SEA,2003
90,BAL,L,1,4,0,0,0,0,SEA,2003
91,TBD,W,4,3,0,0,0,0,SEA,2003
92,TBD,L,5,6,0,0,0,0,SEA,2003
93,TBD,W,13,2,0,0,0,0,SEA,2003
94,KCR,L,1,7,0,0,0,0,SEA,2003
95,KCR,W,6,3,0,0,0,0,SEA,2003
96,KCR,L,1,5,0,0,0,0,SEA,2003
97,KCR,L,5,7,10,1,0,1,SEA,2003
98,MIN,L,4,5,0,0,0,0,SEA,2003
99,MIN,W,10,8,0,0,0,0,SEA,2003
100,OAK,W,6,0,0,0,0,0,SEA,2003
101,OAK,L,0,3,0,0,0,0,SEA,2003
102,TEX,W,11,5,0,0,0,0,SEA,2003
103,TEX,W,4,0,0,0,0,0,SEA,2003
104,TEX,L,3,7,0,0,0,0,SEA,2003
105,TEX,L,1,10,0,0,0,0,SEA,2003
106,DET,W,11,5,0,0,0,0,SEA,2003
107,DET,W,13,3,0,0,0,0,SEA,2003
108,DET,W,4,0,0,0,0,0,SEA,2003
109,CHW,L,1,12,0,0,0,0,SEA,2003
110,CHW,W,10,0,0,0,0,0,SEA,2003
111,CHW,W,8,2,0,0,0,0,SEA,2003
112,CLE,W,2,1,0,0,0,0,SEA,2003
113,CLE,L,6,10,0,0,0,0,SEA,2003
114,CLE,L,0,3,0,0,0,0,SEA,2003
115,NYY,L,7,9,0,0,0,0,SEA,2003
116,NYY,W,2,1,0,0,0,0,SEA,2003
117,NYY,W,8,6,0,0,0,0,SEA,2003
118,TOR,L,3,5,0,0,0,0,SEA,2003
119,TOR,W,3,1,0,0,0,0,SEA,2003
120,TOR,W,13,6,0,0,0,0,SEA,2003
121,TOR,L,2,5,0,0,0,0,SEA,2003
122,BOS,W,10,5,0,0,0,0,SEA,2003
123,BOS,L,1,5,0,0,0,0,SEA,2003
124,BOS,W,3,1,0,0,0,0,SEA,2003
125,TOR,W,9,1,0,0,0,0,SEA,2003
126,TOR,L,2,5,0,0,0,0,SEA,2003
127,TOR,L,3,7,0,0,0,0,SEA,2003
128,BOS,L,4,6,0,0,0,0,SEA,2003
129,BOS,L,6,7,10,1,0,1,SEA,2003
130,BOS,L,1,6,0,0,0,0,SEA,2003
131,BOS,L,1,8,0,0,0,0,SEA,2003
132,TBD,W,9,3,0,0,0,0,SEA,2003
133,TBD,L,4,8,0,0,0,0,SEA,2003
134,TBD,L,2,3,0,0,0,0,SEA,2003
135,BAL,W,3,2,0,1,0,0,SEA,2003
136,BAL,W,13,1,0,0,0,0,SEA,2003
137,BAL,W,3,0,0,0,0,0,SEA,2003
138,TBD,W,10,8,11,0,0,1,SEA,2003
139,TBD,L,0,7,0,0,0,0,SEA,2003
140,TBD,L,0,1,0,0,0,0,SEA,2003
141,BAL,W,6,4,13,0,0,1,SEA,2003
142,BAL,L,1,3,0,0,0,0,SEA,2003
143,BAL,L,1,2,0,0,0,0,SEA,2003
144,TEX,L,4,5,10,0,0,1,SEA,2003
145,TEX,W,3,1,0,0,0,0,SEA,2003
146,TEX,W,8,2,0,0,0,0,SEA,2003
147,ANA,W,7,4,0,0,0,0,SEA,2003
148,ANA,W,5,1,0,0,0,0,SEA,2003
149,ANA,L,1,2,0,0,0,0,SEA,2003
150,TEX,L,4,6,0,0,0,0,SEA,2003
151,TEX,L,5,10,0,0,0,0,SEA,2003
152,TEX,W,5,1,0,0,0,0,SEA,2003
153,TEX,L,1,2,10,1,0,1,SEA,2003
154,OAK,W,6,1,0,0,0,0,SEA,2003
155,OAK,W,9,3,0,0,0,0,SEA,2003
156,OAK,L,0,12,0,0,0,0,SEA,2003
157,ANA,W,5,1,0,0,0,0,SEA,2003
158,ANA,L,1,2,11,1,0,1,SEA,2003
159,ANA,L,0,4,0,0,0,0,SEA,2003
160,OAK,W,9,3,0,0,0,0,SEA,2003
161,OAK,W,7,4,0,0,0,0,SEA,2003
162,OAK,W,9,3,0,0,0,0,SEA,2003
1,ANA,L,5,10,0,0,0,0,SEA,2004
2,ANA,L,7,10,0,0,0,0,SEA,2004
3,ANA,L,1,5,0,0,0,0,SEA,2004
4,OAK,L,6,8,0,0,0,0,SEA,2004
5,OAK,L,1,2,0,0,0,0,SEA,2004
6,OAK,W,9,4,10,0,0,1,SEA,2004
7,ANA,L,5,7,0,0,0,0,SEA,2004
8,ANA,L,5,6,0,1,0,0,SEA,2004
9,ANA,W,6,2,0,0,0,0,SEA,2004
10,TEX,L,0,5,0,0,0,0,SEA,2004
11,TEX,W,4,1,0,0,0,0,SEA,2004
12,TEX,W,4,2,0,0,0,0,SEA,2004
13,OAK,W,2,1,14,1,0,1,SEA,2004
14,OAK,W,2,1,0,1,0,0,SEA,2004
15,OAK,L,4,7,0,0,0,0,SEA,2004
16,OAK,L,2,8,0,0,0,0,SEA,2004
17,TEX,L,8,10,0,0,0,0,SEA,2004
18,TEX,L,0,3,0,0,0,0,SEA,2004
19,TEX,L,6,14,0,0,0,0,SEA,2004
20,BAL,W,7,5,0,0,0,0,SEA,2004
21,BAL,L,1,3,0,0,0,0,SEA,2004
22,BAL,L,5,9,0,0,0,0,SEA,2004
23,DET,W,3,1,10,0,0,1,SEA,2004
24,DET,L,2,4,0,0,0,0,SEA,2004
25,DET,W,12,2,0,0,0,0,SEA,2004
26,MIN,W,4,3,16,1,0,1,SEA,2004
27,MIN,L,1,5,0,0,0,0,SEA,2004
28,MIN,W,2,1,0,0,0,0,SEA,2004
29,NYY,W,6,2,0,0,0,0,SEA,2004
30,NYY,L,0,6,0,0,0,0,SEA,2004
31,NYY,L,6,7,0,0,0,0,SEA,2004
32,MIN,L,6,7,11,1,0,1,SEA,2004
33,MIN,L,3,4,0,0,0,0,SEA,2004
34,MIN,L,0,1,0,0,0,0,SEA,2004
35,NYY,L,5,9,0,0,0,0,SEA,2004
36,NYY,W,13,7,13,0,0,1,SEA,2004
37,NYY,L,1,2,0,0,0,0,SEA,2004
38,BAL,L,2,7,0,0,0,0,SEA,2004
39,BAL,L,2,5,0,0,0,0,SEA,2004
40,BAL,W,11,0,0,0,0,0,SEA,2004
41,DET,L,0,5,0,0,0,0,SEA,2004
42,DET,L,4,8,0,0,0,0,SEA,2004
43,DET,W,3,1,0,0,0,0,SEA,2004
44,CLE,W,5,4,12,0,0,1,SEA,2004
45,CLE,W,7,3,0,0,0,0,SEA,2004
46,CLE,L,5,9,0,0,0,0,SEA,2004
47,BOS,L,4,8,0,0,0,0,SEA,2004
48,BOS,W,5,4,0,0,0,0,SEA,2004
49,BOS,L,7,9,12,1,0,1,SEA,2004
50,TOR,W,6,2,0,0,0,0,SEA,2004
51,TOR,L,5,6,0,0,0,0,SEA,2004
52,TOR,L,3,5,0,0,0,0,SEA,2004
53,CHW,L,2,4,0,0,0,0,SEA,2004
54,CHW,W,4,2,0,0,0,0,SEA,2004
55,CHW,W,5,4,0,1,0,0,SEA,2004
56,HOU,W,5,0,0,0,0,0,SEA,2004
57,HOU,L,0,1,0,0,0,0,SEA,2004
58,HOU,L,0,3,0,0,0,0,SEA,2004
59,MON,W,1,0,0,1,0,0,SEA,2004
60,MON,W,3,0,0,0,0,0,SEA,2004
61,MON,W,8,1,0,0,0,0,SEA,2004
62,MIL,L,0,3,0,0,0,0,SEA,2004
63,MIL,L,1,4,0,0,0,0,SEA,2004
64,MIL,W,6,3,0,0,0,0,SEA,2004
65,PIT,W,5,4,0,0,0,0,SEA,2004
66,PIT,W,5,1,0,0,0,0,SEA,2004
67,PIT,W,5,4,0,0,0,0,SEA,2004
68,TEX,L,2,10,0,0,0,0,SEA,2004
69,TEX,L,3,6,0,0,0,0,SEA,2004
70,TEX,L,7,9,18,1,0,1,SEA,2004
71,SDP,L,2,3,0,0,0,0,SEA,2004
72,SDP,W,7,3,0,0,0,0,SEA,2004
73,SDP,L,1,5,0,0,0,0,SEA,2004
74,TEX,L,5,8,0,0,0,0,SEA,2004
75,TEX,W,4,3,0,0,0,0,SEA,2004
76,TEX,L,6,9,0,0,0,0,SEA,2004
77,TEX,W,8,4,0,0,0,0,SEA,2004
78,STL,L,2,11,0,0,0,0,SEA,2004
79,STL,L,1,8,0,0,0,0,SEA,2004
80,STL,L,1,2,0,0,0,0,SEA,2004
81,TOR,L,6,7,0,0,0,0,SEA,2004
82,TOR,L,4,12,0,0,0,0,SEA,2004
83,TOR,L,8,10,0,1,0,0,SEA,2004
84,CHW,L,2,6,0,0,0,0,SEA,2004
85,CHW,L,2,3,0,0,0,0,SEA,2004
86,CHW,L,3,4,0,0,0,0,SEA,2004
87,CLE,W,2,1,0,0,0,0,SEA,2004
88,CLE,L,6,18,0,0,0,0,SEA,2004
89,CLE,L,5,6,0,0,0,0,SEA,2004
90,CLE,W,7,5,0,0,0,0,SEA,2004
91,BOS,W,8,4,11,1,0,1,SEA,2004
92,BOS,L,7,9,0,0,0,0,SEA,2004
93,OAK,W,6,5,10,1,0,1,SEA,2004
94,OAK,W,4,2,0,0,0,0,SEA,2004
95,ANA,L,2,8,0,0,0,0,SEA,2004
96,ANA,L,4,8,0,0,0,0,SEA,2004
97,ANA,W,6,2,0,0,0,0,SEA,2004
98,OAK,L,5,14,0,0,0,0,SEA,2004
99,OAK,L,3,5,0,0,0,0,SEA,2004
100,OAK,L,2,3,0,1,0,0,SEA,2004
101,ANA,W,6,5,13,0,0,1,SEA,2004
102,ANA,L,5,6,0,0,0,0,SEA,2004
103,ANA,L,8,9,11,1,0,1,SEA,2004
104,ANA,L,2,3,0,0,0,0,SEA,2004
105,BAL,L,7,9,0,0,0,0,SEA,2004
106,BAL,L,4,5,0,0,0,0,SEA,2004
107,BAL,L,3,6,0,0,0,0,SEA,2004
108,TBD,W,4,2,11,0,0,1,SEA,2004
109,TBD,L,1,2,10,1,0,1,SEA,2004
110,TBD,W,5,2,0,0,0,0,SEA,2004
111,TBD,L,1,5,0,0,0,0,SEA,2004
112,MIN,W,4,3,0,0,0,0,SEA,2004
113,MIN,W,4,3,0,1,0,0,SEA,2004
114,MIN,L,3,6,0,0,0,0,SEA,2004
115,NYY,L,3,11,0,0,0,0,SEA,2004
116,NYY,L,4,6,0,0,0,0,SEA,2004
117,NYY,W,7,3,0,0,0,0,SEA,2004
118,KCR,W,16,3,0,0,0,0,SEA,2004
119,KCR,L,2,3,0,0,0,0,SEA,2004
120,DET,L,3,8,0,0,0,0,SEA,2004
121,DET,L,10,11,11,1,0,1,SEA,2004
122,DET,W,5,3,0,0,0,0,SEA,2004
123,TBD,L,0,9,0,0,0,0,SEA,2004
124,TBD,L,5,6,0,0,0,0,SEA,2004
125,TBD,L,5,6,0,0,0,0,SEA,2004
126,KCR,L,3,7,0,0,0,0,SEA,2004
127,KCR,W,7,5,0,0,0,0,SEA,2004
128,KCR,W,9,7,0,0,0,0,SEA,2004
129,KCR,W,5,3,12,1,0,1,SEA,2004
130,KCR,W,5,4,0,0,0,0,SEA,2004
131,TOR,W,7,5,0,0,0,0,SEA,2004
132,TOR,L,2,4,0,0,0,0,SEA,2004
133,TOR,L,6,8,0,0,0,0,SEA,2004
134,CHW,L,5,7,0,0,0,0,SEA,2004
135,CHW,L,7,8,0,0,0,0,SEA,2004
136,CHW,L,2,6,0,0,0,0,SEA,2004
137,CLE,L,0,5,0,0,0,0,SEA,2004
138,CLE,L,5,9,0,0,0,0,SEA,2004
139,BOS,W,7,1,0,0,0,0,SEA,2004
140,BOS,L,2,13,0,0,0,0,SEA,2004
141,BOS,L,0,9,0,0,0,0,SEA,2004
142,BOS,W,2,0,0,0,0,0,SEA,2004
143,ANA,L,1,5,0,0,0,0,SEA,2004
144,ANA,W,3,2,0,0,0,0,SEA,2004
145,ANA,W,1,0,0,0,0,0,SEA,2004
146,ANA,L,1,6,0,0,0,0,SEA,2004
147,OAK,W,6,3,0,0,0,0,SEA,2004
148,OAK,L,4,7,0,0,0,0,SEA,2004
149,OAK,L,1,2,0,0,0,0,SEA,2004
150,ANA,L,2,5,0,0,0,0,SEA,2004
151,ANA,W,7,3,0,0,0,0,SEA,2004
152,ANA,W,16,6,0,0,0,0,SEA,2004
153,TEX,W,8,7,0,0,0,0,SEA,2004
154,TEX,L,4,5,0,0,0,0,SEA,2004
155,TEX,W,9,0,0,0,0,0,SEA,2004
156,OAK,L,5,6,0,1,0,0,SEA,2004
157,OAK,W,7,2,0,0,0,0,SEA,2004
158,OAK,W,4,2,0,0,0,0,SEA,2004
159,OAK,L,2,3,0,1,0,0,SEA,2004
160,TEX,W,8,3,0,0,0,0,SEA,2004
161,TEX,L,4,10,0,0,0,0,SEA,2004
162,TEX,L,0,3,0,0,0,0,SEA,2004
1,MIN,W,5,1,0,0,0,0,SEA,2005
2,MIN,L,4,8,0,0,0,0,SEA,2005
3,MIN,L,1,4,0,0,0,0,SEA,2005
4,TEX,W,9,6,0,0,0,0,SEA,2005
5,TEX,L,6,7,0,0,0,0,SEA,2005
6,TEX,L,6,7,0,0,0,0,SEA,2005
7,KCR,W,8,2,0,0,0,0,SEA,2005
8,KCR,W,2,1,0,0,0,0,SEA,2005
9,KCR,W,10,2,0,0,0,0,SEA,2005
10,CHW,L,4,6,0,0,0,0,SEA,2005
11,CHW,L,1,2,0,0,0,0,SEA,2005
12,CHW,W,5,4,0,0,0,0,SEA,2005
13,LAA,L,1,6,0,0,0,0,SEA,2005
14,LAA,W,5,3,0,0,0,0,SEA,2005
15,OAK,W,7,6,0,0,0,0,SEA,2005
16,OAK,L,0,3,0,0,0,0,SEA,2005
17,CLE,L,1,6,0,0,0,0,SEA,2005
18,CLE,L,2,5,0,0,0,0,SEA,2005
19,CLE,W,9,1,0,0,0,0,SEA,2005
20,TEX,W,7,4,0,0,0,0,SEA,2005
21,TEX,L,2,8,0,0,0,0,SEA,2005
22,TEX,W,4,1,0,0,0,0,SEA,2005
23,OAK,W,4,2,0,0,0,0,SEA,2005
24,OAK,L,5,6,10,1,0,1,SEA,2005
25,OAK,L,2,3,0,0,0,0,SEA,2005
26,LAA,L,0,5,0,0,0,0,SEA,2005
27,LAA,L,2,5,0,0,0,0,SEA,2005
28,LAA,L,2,5,0,0,0,0,SEA,2005
29,BOS,L,2,7,0,0,0,0,SEA,2005
30,BOS,L,3,6,0,0,0,0,SEA,2005
31,BOS,W,6,4,0,0,0,0,SEA,2005
32,NYY,L,3,4,0,0,0,0,SEA,2005
33,NYY,L,4,7,0,0,0,0,SEA,2005
34,NYY,L,9,13,0,0,0,0,SEA,2005
35,BOS,W,14,7,0,0,0,0,SEA,2005
36,BOS,L,3,6,0,0,0,0,SEA,2005
37,BOS,W,5,4,0,0,0,0,SEA,2005
38,NYY,L,3,6,0,0,0,0,SEA,2005
39,NYY,L,0,6,0,0,0,0,SEA,2005
40,NYY,W,7,6,0,0,0,0,SEA,2005
41,SDP,L,1,6,0,0,0,0,SEA,2005
42,SDP,W,5,3,0,0,0,0,SEA,2005
43,SDP,W,5,0,0,0,0,0,SEA,2005
44,BAL,L,2,3,0,0,0,0,SEA,2005
45,BAL,L,1,3,0,0,0,0,SEA,2005
46,BAL,L,2,5,0,0,0,0,SEA,2005
47,TBD,L,4,5,0,0,0,0,SEA,2005
48,TBD,W,3,2,0,0,0,0,SEA,2005
49,TBD,W,10,9,0,0,0,0,SEA,2005
50,TOR,W,4,3,0,0,0,0,SEA,2005
51,TOR,L,7,9,0,0,0,0,SEA,2005
52,TOR,W,3,0,0,0,0,0,SEA,2005
53,TBD,L,1,6,0,0,0,0,SEA,2005
54,TBD,W,6,5,0,0,0,0,SEA,2005
55,TBD,W,6,5,0,1,0,0,SEA,2005
56,FLA,W,4,3,0,0,0,0,SEA,2005
57,FLA,L,4,5,0,0,0,0,SEA,2005
58,FLA,W,8,0,0,0,0,0,SEA,2005
59,WSN,L,3,9,0,0,0,0,SEA,2005
60,WSN,L,1,2,0,0,0,0,SEA,2005
61,WSN,L,2,3,0,0,0,0,SEA,2005
62,PHI,W,3,1,0,0,0,0,SEA,2005
63,PHI,W,5,1,0,0,0,0,SEA,2005
64,PHI,L,2,3,13,0,0,1,SEA,2005
65,NYM,W,5,0,0,0,0,0,SEA,2005
66,NYM,W,4,1,0,0,0,0,SEA,2005
67,NYM,W,11,5,0,0,0,0,SEA,2005
68,OAK,L,2,6,0,0,0,0,SEA,2005
69,OAK,L,2,4,0,0,0,0,SEA,2005
70,OAK,W,5,4,12,1,0,1,SEA,2005
71,OAK,L,0,5,0,0,0,0,SEA,2005
72,SDP,W,14,5,0,0,0,0,SEA,2005
73,SDP,L,5,8,0,0,0,0,SEA,2005
74,SDP,L,4,5,0,0,0,0,SEA,2005
75,OAK,L,1,8,0,0,0,0,SEA,2005
76,OAK,L,2,6,0,0,0,0,SEA,2005
77,OAK,L,2,6,0,0,0,0,SEA,2005
78,TEX,L,2,6,0,0,0,0,SEA,2005
79,TEX,L,5,6,0,0,0,0,SEA,2005
80,TEX,W,2,1,0,0,0,0,SEA,2005
81,KCR,W,6,0,0,0,0,0,SEA,2005
82,KCR,L,6,8,0,0,0,0,SEA,2005
83,KCR,L,1,5,0,0,0,0,SEA,2005
84,LAA,W,10,2,0,0,0,0,SEA,2005
85,LAA,W,10,4,0,0,0,0,SEA,2005
86,LAA,W,6,3,0,0,0,0,SEA,2005
87,LAA,W,7,4,0,0,0,0,SEA,2005
88,BAL,L,3,5,0,0,0,0,SEA,2005
89,BAL,L,3,6,0,0,0,0,SEA,2005
90,BAL,W,3,2,0,1,0,0,SEA,2005
91,BAL,W,8,2,0,0,0,0,SEA,2005
92,TOR,L,10,12,0,0,0,0,SEA,2005
93,TOR,L,4,9,0,0,0,0,SEA,2005
94,TOR,L,3,6,0,0,0,0,SEA,2005
95,CLE,W,4,3,0,0,0,0,SEA,2005
96,CLE,L,3,4,0,0,0,0,SEA,2005
97,CLE,L,3,6,0,0,0,0,SEA,2005
98,DET,W,5,3,0,0,0,0,SEA,2005
99,DET,L,5,8,0,0,0,0,SEA,2005
100,DET,W,9,3,0,0,0,0,SEA,2005
101,CLE,L,5,6,0,0,0,0,SEA,2005
102,CLE,L,5,10,0,0,0,0,SEA,2005
103,CLE,W,3,2,0,0,0,0,SEA,2005
104,CLE,L,7,9,0,0,0,0,SEA,2005
105,DET,W,4,1,0,0,0,0,SEA,2005
106,DET,L,7,10,0,0,0,0,SEA,2005
107,DET,L,1,3,0,0,0,0,SEA,2005
108,CHW,W,4,2,0,0,0,0,SEA,2005
109,CHW,L,2,4,0,0,0,0,SEA,2005
110,CHW,L,1,3,0,0,0,0,SEA,2005
111,MIN,W,5,4,0,0,0,0,SEA,2005
112,MIN,W,1,0,0,0,0,0,SEA,2005
113,MIN,L,3,7,14,0,0,1,SEA,2005
114,LAA,L,4,9,0,0,0,0,SEA,2005
115,LAA,L,1,9,0,0,0,0,SEA,2005
116,LAA,L,6,7,0,0,0,0,SEA,2005
117,KCR,W,11,3,0,0,0,0,SEA,2005
118,KCR,W,4,3,0,0,0,0,SEA,2005
119,KCR,W,11,5,0,0,0,0,SEA,2005
120,MIN,L,3,7,0,0,0,0,SEA,2005
121,MIN,L,4,7,0,0,0,0,SEA,2005
122,MIN,W,8,3,10,0,0,1,SEA,2005
123,MIN,L,3,8,0,0,0,0,SEA,2005
124,TEX,L,4,6,0,0,0,0,SEA,2005
125,TEX,L,1,8,0,0,0,0,SEA,2005
126,TEX,W,8,2,0,0,0,0,SEA,2005
127,CHW,L,3,5,12,0,0,1,SEA,2005
128,CHW,L,3,4,0,0,0,0,SEA,2005
129,CHW,W,9,2,0,0,0,0,SEA,2005
130,NYY,L,4,7,0,0,0,0,SEA,2005
131,NYY,W,8,3,0,0,0,0,SEA,2005
132,NYY,L,0,2,0,0,0,0,SEA,2005
133,NYY,W,5,1,0,0,0,0,SEA,2005
134,LAA,L,1,4,0,0,0,0,SEA,2005
135,LAA,W,6,3,0,0,0,0,SEA,2005
136,LAA,L,3,5,0,0,0,0,SEA,2005
137,OAK,W,2,0,0,0,0,0,SEA,2005
138,OAK,W,3,2,0,0,0,0,SEA,2005
139,OAK,L,7,8,0,1,0,0,SEA,2005
140,BAL,W,3,2,0,0,0,0,SEA,2005
141,BAL,L,3,5,0,0,0,0,SEA,2005
142,BAL,L,3,6,0,0,0,0,SEA,2005
143,LAA,W,8,1,0,0,0,0,SEA,2005
144,LAA,W,2,1,0,1,0,0,SEA,2005
145,LAA,W,10,9,0,1,0,0,SEA,2005
146,TEX,L,3,4,0,0,0,0,SEA,2005
147,TEX,L,3,5,0,0,0,0,SEA,2005
148,TEX,L,6,7,0,1,0,0,SEA,2005
149,TEX,L,6,8,0,0,0,0,SEA,2005
150,TOR,W,7,5,0,0,0,0,SEA,2005
151,TOR,L,4,6,0,0,0,0,SEA,2005
152,TOR,W,3,2,0,0,0,0,SEA,2005
153,TOR,L,5,7,0,0,0,0,SEA,2005
154,DET,W,2,1,0,0,0,0,SEA,2005
155,DET,L,1,7,0,0,0,0,SEA,2005
156,DET,L,1,8,0,0,0,0,SEA,2005
157,TEX,L,2,3,11,0,0,1,SEA,2005
158,TEX,L,3,7,0,0,0,0,SEA,2005
159,TEX,W,4,3,0,0,0,0,SEA,2005
160,OAK,W,4,1,0,0,0,0,SEA,2005
161,OAK,L,3,4,0,0,0,0,SEA,2005
162,OAK,L,3,8,0,0,0,0,SEA,2005
1,LAA,L,4,5,0,0,0,0,SEA,2006
2,LAA,W,10,8,0,0,0,0,SEA,2006
3,LAA,W,6,4,0,0,0,0,SEA,2006
4,OAK,W,6,2,0,0,0,0,SEA,2006
5,OAK,L,0,5,0,0,0,0,SEA,2006
6,OAK,L,0,3,0,0,0,0,SEA,2006
7,OAK,L,4,6,0,0,0,0,SEA,2006
8,CLE,L,5,9,0,0,0,0,SEA,2006
9,CLE,W,11,9,0,0,0,0,SEA,2006
10,CLE,W,9,5,0,0,0,0,SEA,2006
11,BOS,L,1,2,0,0,0,0,SEA,2006
12,BOS,W,3,0,0,0,0,0,SEA,2006
13,BOS,L,2,3,0,0,0,0,SEA,2006
14,BOS,L,6,7,0,1,0,0,SEA,2006
15,TEX,L,4,7,0,0,0,0,SEA,2006
16,TEX,W,9,6,0,1,0,0,SEA,2006
17,TEX,L,3,4,0,0,0,0,SEA,2006
18,DET,L,1,2,0,0,0,0,SEA,2006
19,DET,L,0,2,0,0,0,0,SEA,2006
20,DET,L,4,6,0,0,0,0,SEA,2006
21,CHW,W,4,3,11,1,0,1,SEA,2006
22,CHW,L,3,13,0,0,0,0,SEA,2006
23,CHW,W,5,1,0,0,0,0,SEA,2006
24,BAL,L,2,5,0,0,0,0,SEA,2006
25,BAL,W,8,6,0,0,0,0,SEA,2006
26,BAL,W,4,3,0,0,0,0,SEA,2006
27,MIN,W,8,2,0,0,0,0,SEA,2006
28,MIN,L,1,5,0,0,0,0,SEA,2006
29,CHW,L,5,6,11,1,0,1,SEA,2006
30,CHW,L,1,4,0,0,0,0,SEA,2006
31,CLE,L,4,9,0,0,0,0,SEA,2006
32,CLE,W,4,1,0,0,0,0,SEA,2006
33,CLE,L,0,2,0,0,0,0,SEA,2006
34,TBD,W,6,3,0,0,0,0,SEA,2006
35,TBD,W,8,1,0,0,0,0,SEA,2006
36,TBD,L,0,1,0,0,0,0,SEA,2006
37,LAA,L,7,12,0,0,0,0,SEA,2006
38,LAA,W,5,4,13,0,0,1,SEA,2006
39,LAA,W,9,4,0,0,0,0,SEA,2006
40,OAK,L,6,12,0,0,0,0,SEA,2006
41,OAK,L,2,7,0,0,0,0,SEA,2006
42,OAK,L,3,6,0,0,0,0,SEA,2006
43,SDP,W,7,4,0,0,0,0,SEA,2006
44,SDP,W,6,3,0,0,0,0,SEA,2006
45,SDP,W,10,8,0,0,0,0,SEA,2006
46,BAL,W,8,6,0,0,0,0,SEA,2006
47,BAL,L,4,14,0,0,0,0,SEA,2006
48,BAL,W,7,4,0,0,0,0,SEA,2006
49,BAL,L,0,2,0,0,0,0,SEA,2006
50,MIN,L,1,3,0,0,0,0,SEA,2006
51,MIN,L,5,9,0,0,0,0,SEA,2006
52,MIN,L,3,4,10,1,0,1,SEA,2006
53,TEX,L,0,2,0,0,0,0,SEA,2006
54,TEX,L,4,6,0,0,0,0,SEA,2006
55,TEX,W,14,5,0,0,0,0,SEA,2006
56,KCR,W,4,0,0,0,0,0,SEA,2006
57,KCR,W,12,1,0,0,0,0,SEA,2006
58,KCR,L,4,9,0,0,0,0,SEA,2006
59,KCR,W,4,1,0,0,0,0,SEA,2006
60,MIN,W,4,2,0,0,0,0,SEA,2006
61,MIN,W,10,9,11,1,0,1,SEA,2006
62,MIN,L,3,7,0,0,0,0,SEA,2006
63,LAA,W,4,1,0,0,0,0,SEA,2006
64,LAA,W,12,6,0,0,0,0,SEA,2006
65,LAA,W,6,2,0,0,0,0,SEA,2006
66,OAK,L,0,2,0,0,0,0,SEA,2006
67,OAK,L,2,7,0,0,0,0,SEA,2006
68,OAK,L,6,9,0,0,0,0,SEA,2006
69,SFG,W,5,4,0,0,0,0,SEA,2006
70,SFG,W,8,1,0,0,0,0,SEA,2006
71,SFG,W,5,1,0,0,0,0,SEA,2006
72,LAD,W,9,4,0,0,0,0,SEA,2006
73,LAD,W,8,5,0,0,0,0,SEA,2006
74,LAD,L,2,4,0,0,0,0,SEA,2006
75,SDP,L,1,2,10,1,0,1,SEA,2006
76,SDP,W,9,5,0,0,0,0,SEA,2006
77,SDP,W,9,4,0,0,0,0,SEA,2006
78,ARI,W,11,7,0,0,0,0,SEA,2006
79,ARI,W,10,3,0,0,0,0,SEA,2006
80,ARI,W,3,2,0,0,0,0,SEA,2006
81,COL,L,0,2,0,0,0,0,SEA,2006
82,COL,W,8,7,0,0,0,0,SEA,2006
83,COL,L,3,4,11,0,0,1,SEA,2006
84,LAA,L,1,7,0,0,0,0,SEA,2006
85,LAA,L,6,14,0,0,0,0,SEA,2006
86,LAA,L,0,4,0,0,0,0,SEA,2006
87,DET,L,1,6,0,0,0,0,SEA,2006
88,DET,L,1,2,0,0,0,0,SEA,2006
89,DET,W,3,2,0,0,0,0,SEA,2006
90,TOR,W,5,3,0,0,0,0,SEA,2006
91,TOR,L,6,7,14,1,0,1,SEA,2006
92,TOR,L,3,4,11,1,0,1,SEA,2006
93,NYY,L,2,4,0,0,0,0,SEA,2006
94,NYY,L,4,5,11,1,0,1,SEA,2006
95,NYY,W,3,2,0,0,0,0,SEA,2006
96,BOS,L,4,9,0,0,0,0,SEA,2006
97,BOS,W,5,2,0,0,0,0,SEA,2006
98,BOS,W,9,8,0,1,0,0,SEA,2006
99,TOR,W,7,3,0,0,0,0,SEA,2006
100,TOR,L,3,12,0,0,0,0,SEA,2006
101,TOR,W,7,4,0,0,0,0,SEA,2006
102,CLE,L,0,1,0,0,0,0,SEA,2006
103,CLE,W,3,1,0,0,0,0,SEA,2006
104,CLE,W,7,3,0,0,0,0,SEA,2006
105,BAL,W,10,5,0,0,0,0,SEA,2006
106,BAL,L,0,2,0,0,0,0,SEA,2006
107,BAL,W,2,1,0,0,0,0,SEA,2006
108,OAK,L,2,5,0,0,0,0,SEA,2006
109,OAK,L,2,5,0,0,0,0,SEA,2006
110,OAK,L,6,7,0,0,0,0,SEA,2006
111,TBD,W,5,4,0,0,0,0,SEA,2006
112,TBD,W,5,1,10,1,0,1,SEA,2006
113,TBD,W,2,0,0,0,0,0,SEA,2006
114,TEX,L,2,8,0,0,0,0,SEA,2006
115,TEX,L,7,14,0,0,0,0,SEA,2006
116,TEX,L,4,5,0,0,0,0,SEA,2006
117,TEX,L,6,10,0,0,0,0,SEA,2006
118,OAK,L,4,5,0,0,0,0,SEA,2006
119,OAK,L,2,11,0,0,0,0,SEA,2006
120,OAK,L,0,4,0,0,0,0,SEA,2006
121,LAA,L,2,5,0,0,0,0,SEA,2006
122,LAA,L,0,3,0,0,0,0,SEA,2006
123,LAA,L,7,9,0,0,0,0,SEA,2006
124,LAA,L,2,3,0,1,0,0,SEA,2006
125,NYY,W,6,5,0,1,0,0,SEA,2006
126,NYY,L,2,9,0,0,0,0,SEA,2006
127,NYY,W,4,2,0,0,0,0,SEA,2006
128,BOS,W,6,0,0,0,0,0,SEA,2006
129,BOS,W,4,3,0,0,0,0,SEA,2006
130,BOS,W,6,3,0,0,0,0,SEA,2006
131,LAA,W,2,0,0,0,0,0,SEA,2006
132,LAA,W,6,4,0,0,0,0,SEA,2006
133,LAA,L,3,5,0,0,0,0,SEA,2006
134,TBD,L,1,2,0,1,0,0,SEA,2006
135,TBD,W,4,3,0,0,0,0,SEA,2006
136,TBD,L,6,7,0,0,0,0,SEA,2006
137,DET,L,2,6,0,0,0,0,SEA,2006
138,DET,W,4,3,0,0,0,0,SEA,2006
139,DET,W,5,4,10,0,0,1,SEA,2006
140,TEX,W,7,2,0,0,0,0,SEA,2006
141,TEX,W,3,2,13,1,0,1,SEA,2006
142,TEX,L,2,4,0,0,0,0,SEA,2006
143,TOR,L,2,6,0,0,0,0,SEA,2006
144,TOR,W,4,2,0,0,0,0,SEA,2006
145,TOR,L,0,10,0,0,0,0,SEA,2006
146,KCR,L,8,10,0,0,0,0,SEA,2006
147,KCR,W,11,8,0,0,0,0,SEA,2006
148,KCR,L,4,7,0,0,0,0,SEA,2006
149,KCR,W,10,5,0,0,0,0,SEA,2006
150,TEX,L,1,8,0,0,0,0,SEA,2006
151,TEX,W,9,7,10,0,0,1,SEA,2006
152,TEX,W,6,3,0,0,0,0,SEA,2006
153,CHW,W,9,0,0,0,0,0,SEA,2006
154,CHW,W,11,6,0,0,0,0,SEA,2006
155,CHW,L,7,11,0,0,0,0,SEA,2006
156,CHW,L,7,12,0,0,0,0,SEA,2006
157,OAK,W,10,9,10,1,0,1,SEA,2006
158,OAK,L,3,12,0,0,0,0,SEA,2006
159,OAK,L,6,7,10,0,0,1,SEA,2006
160,TEX,L,5,6,0,0,0,0,SEA,2006
161,TEX,W,3,1,0,0,0,0,SEA,2006
162,TEX,W,3,2,0,0,0,0,SEA,2006
1,OAK,W,4,0,0,0,0,0,SEA,2007
2,OAK,W,8,4,0,0,0,0,SEA,2007
3,OAK,L,0,9,0,0,0,0,SEA,2007
4,BOS,L,3,14,0,0,0,0,SEA,2007
5,BOS,W,3,0,0,0,0,0,SEA,2007
6,TEX,L,2,5,0,0,0,0,SEA,2007
7,TEX,W,8,3,0,0,0,0,SEA,2007
8,TEX,W,14,6,0,0,0,0,SEA,2007
9,MIN,L,2,11,0,0,0,0,SEA,2007
10,MIN,L,4,5,0,0,0,0,SEA,2007
11,MIN,L,5,6,0,0,0,0,SEA,2007
12,LAA,L,4,8,0,0,0,0,SEA,2007
13,LAA,L,6,7,0,0,0,0,SEA,2007
14,LAA,L,1,6,0,0,0,0,SEA,2007
15,TEX,W,5,4,0,0,0,0,SEA,2007
16,OAK,W,2,0,0,0,0,0,SEA,2007
17,OAK,W,4,2,0,0,0,0,SEA,2007
18,KCR,W,7,4,0,0,0,0,SEA,2007
19,KCR,L,3,8,0,0,0,0,SEA,2007
20,KCR,W,5,1,0,0,0,0,SEA,2007
21,CHW,W,5,2,0,0,0,0,SEA,2007
22,CHW,W,3,2,0,0,0,0,SEA,2007
23,BOS,L,7,8,0,0,0,0,SEA,2007
24,NYY,W,15,11,0,0,0,0,SEA,2007
25,NYY,L,1,8,0,0,0,0,SEA,2007
26,NYY,L,0,5,0,0,0,0,SEA,2007
27,NYY,W,3,2,0,0,0,0,SEA,2007
28,DET,L,7,9,0,0,0,0,SEA,2007
29,DET,W,9,2,0,0,0,0,SEA,2007
30,DET,L,3,7,0,0,0,0,SEA,2007
31,NYY,W,3,0,0,0,0,0,SEA,2007
32,NYY,L,2,7,0,0,0,0,SEA,2007
33,NYY,W,2,1,0,0,0,0,SEA,2007
34,LAA,W,11,3,0,0,0,0,SEA,2007
35,LAA,L,0,5,0,0,0,0,SEA,2007
36,LAA,L,3,7,0,0,0,0,SEA,2007
37,SDP,L,1,8,0,0,0,0,SEA,2007
38,SDP,W,7,4,0,0,0,0,SEA,2007
39,SDP,L,1,2,0,0,0,0,SEA,2007
40,CLE,L,2,5,0,0,0,0,SEA,2007
41,TBD,W,5,2,0,0,0,0,SEA,2007
42,TBD,W,5,1,0,0,0,0,SEA,2007
43,TBD,L,12,13,0,0,0,0,SEA,2007
44,KCR,W,10,2,0,0,0,0,SEA,2007
45,KCR,W,9,1,0,0,0,0,SEA,2007
46,KCR,W,7,4,0,0,0,0,SEA,2007
47,LAA,W,12,5,0,0,0,0,SEA,2007
48,LAA,L,1,4,0,0,0,0,SEA,2007
49,LAA,L,6,8,0,0,0,0,SEA,2007
50,TEX,W,9,5,0,0,0,0,SEA,2007
51,TEX,L,8,9,0,0,0,0,SEA,2007
52,TEX,W,5,4,0,0,0,0,SEA,2007
53,TEX,W,11,6,0,0,0,0,SEA,2007
54,BAL,W,7,4,0,0,0,0,SEA,2007
55,BAL,W,5,4,0,0,0,0,SEA,2007
56,BAL,L,5,9,0,0,0,0,SEA,2007
57,SDP,W,6,5,11,0,0,1,SEA,2007
58,SDP,W,6,5,0,0,0,0,SEA,2007
59,SDP,W,4,3,0,0,0,0,SEA,2007
60,CLE,W,8,7,0,0,0,0,SEA,2007
61,CHC,W,5,3,13,0,0,1,SEA,2007
62,CHC,L,2,3,0,0,0,0,SEA,2007
63,CHC,L,4,5,0,0,0,0,SEA,2007
64,HOU,L,1,5,0,0,0,0,SEA,2007
65,HOU,L,4,9,0,0,0,0,SEA,2007
66,HOU,L,3,10,0,0,0,0,SEA,2007
67,PIT,L,3,5,0,0,0,0,SEA,2007
68,PIT,W,7,0,0,0,0,0,SEA,2007
69,PIT,W,3,0,0,0,0,0,SEA,2007
70,CIN,L,1,16,0,0,0,0,SEA,2007
71,CIN,W,9,1,0,0,0,0,SEA,2007
72,CIN,W,3,2,0,0,0,0,SEA,2007
73,BOS,W,9,4,0,0,0,0,SEA,2007
74,BOS,W,8,7,0,0,0,0,SEA,2007
75,BOS,W,2,1,11,1,0,1,SEA,2007
76,TOR,W,5,3,0,0,0,0,SEA,2007
77,TOR,W,8,3,0,0,0,0,SEA,2007
78,TOR,W,2,1,0,1,0,0,SEA,2007
79,KCR,L,2,3,11,1,0,1,SEA,2007
80,KCR,L,3,17,0,0,0,0,SEA,2007
81,KCR,W,4,0,0,0,0,0,SEA,2007
82,OAK,L,2,3,0,0,0,0,SEA,2007
83,OAK,W,7,1,0,0,0,0,SEA,2007
84,OAK,W,4,0,0,0,0,0,SEA,2007
85,OAK,W,7,3,0,0,0,0,SEA,2007
86,DET,W,3,2,0,0,0,0,SEA,2007
87,DET,L,3,6,0,0,0,0,SEA,2007
88,DET,W,6,4,0,0,0,0,SEA,2007
89,DET,L,7,11,0,0,0,0,SEA,2007
90,BAL,W,4,2,0,0,0,0,SEA,2007
91,BAL,L,3,8,0,0,0,0,SEA,2007
92,BAL,W,6,5,0,0,0,0,SEA,2007
93,TOR,W,4,2,0,0,0,0,SEA,2007
94,TOR,L,0,1,0,0,0,0,SEA,2007
95,TOR,L,0,8,0,0,0,0,SEA,2007
96,TEX,L,7,8,0,0,0,0,SEA,2007
97,TEX,L,1,2,0,0,0,0,SEA,2007
98,TEX,L,3,4,0,0,0,0,SEA,2007
99,TEX,L,6,7,0,0,0,0,SEA,2007
100,OAK,L,2,6,0,0,0,0,SEA,2007
101,OAK,W,7,1,0,0,0,0,SEA,2007
102,OAK,W,4,3,0,0,0,0,SEA,2007
103,OAK,W,14,10,0,0,0,0,SEA,2007
104,LAA,W,2,0,0,0,0,0,SEA,2007
105,LAA,L,0,8,0,0,0,0,SEA,2007
106,LAA,W,8,7,12,1,0,1,SEA,2007
107,BOS,W,7,4,0,0,0,0,SEA,2007
108,BOS,L,3,4,0,0,0,0,SEA,2007
109,BOS,L,2,9,0,0,0,0,SEA,2007
110,BAL,W,10,3,0,0,0,0,SEA,2007
111,BAL,W,8,4,0,0,0,0,SEA,2007
112,BAL,W,13,8,0,0,0,0,SEA,2007
113,CHW,L,3,5,0,0,0,0,SEA,2007
114,CHW,W,7,6,0,0,0,0,SEA,2007
115,CHW,W,6,0,0,0,0,0,SEA,2007
116,MIN,W,4,3,0,1,0,0,SEA,2007
117,MIN,L,3,11,0,0,0,0,SEA,2007
118,MIN,L,1,6,0,0,0,0,SEA,2007
119,CHW,W,5,4,0,0,0,0,SEA,2007
120,CHW,W,7,5,0,0,0,0,SEA,2007
121,CHW,W,11,5,0,0,0,0,SEA,2007
122,MIN,W,9,4,0,0,0,0,SEA,2007
123,MIN,W,7,2,0,0,0,0,SEA,2007
124,MIN,L,4,8,0,0,0,0,SEA,2007
125,TEX,W,9,4,0,0,0,0,SEA,2007
126,TEX,W,4,2,0,0,0,0,SEA,2007
127,TEX,L,3,5,0,0,0,0,SEA,2007
128,TEX,L,3,5,0,0,0,0,SEA,2007
129,LAA,L,0,6,0,0,0,0,SEA,2007
130,LAA,L,6,10,0,0,0,0,SEA,2007
131,LAA,L,2,8,0,0,0,0,SEA,2007
132,CLE,L,5,6,0,1,0,0,SEA,2007
133,TOR,L,5,7,0,0,0,0,SEA,2007
134,TOR,L,1,2,0,0,0,0,SEA,2007
135,TOR,L,4,6,0,0,0,0,SEA,2007
136,NYY,W,7,1,0,0,0,0,SEA,2007
137,NYY,L,3,12,0,0,0,0,SEA,2007
138,NYY,L,2,10,0,0,0,0,SEA,2007
139,DET,L,1,6,0,0,0,0,SEA,2007
140,DET,L,6,12,0,0,0,0,SEA,2007
141,DET,W,14,7,0,0,0,0,SEA,2007
142,OAK,L,3,9,0,0,0,0,SEA,2007
143,OAK,L,4,7,0,0,0,0,SEA,2007
144,OAK,W,6,5,0,1,0,0,SEA,2007
145,TBD,W,8,7,0,0,0,0,SEA,2007
146,TBD,W,2,1,0,1,0,0,SEA,2007
147,TBD,L,2,6,0,0,0,0,SEA,2007
148,TBD,L,2,9,0,0,0,0,SEA,2007
149,OAK,W,4,0,0,0,0,0,SEA,2007
150,OAK,W,8,7,0,0,0,0,SEA,2007
151,OAK,W,9,5,0,0,0,0,SEA,2007
152,LAA,L,5,9,0,0,0,0,SEA,2007
153,LAA,W,6,0,0,0,0,0,SEA,2007
154,LAA,W,3,2,0,0,0,0,SEA,2007
155,LAA,L,4,7,0,0,0,0,SEA,2007
156,CLE,L,3,4,12,0,0,1,SEA,2007
157,CLE,L,4,12,0,0,0,0,SEA,2007
158,CLE,W,3,2,10,1,0,1,SEA,2007
159,CLE,W,4,2,0,0,0,0,SEA,2007
160,TEX,W,6,4,0,1,0,0,SEA,2007
161,TEX,W,5,1,0,0,0,0,SEA,2007
162,TEX,W,4,2,0,0,0,0,SEA,2007
1,TEX,W,5,2,0,0,0,0,SEA,2008
2,TEX,L,4,5,0,0,0,0,SEA,2008
3,TEX,W,4,1,0,0,0,0,SEA,2008
4,BAL,L,4,7,0,0,0,0,SEA,2008
5,BAL,L,4,6,0,0,0,0,SEA,2008
6,BAL,L,2,3,0,1,0,0,SEA,2008
7,BAL,L,4,5,0,0,0,0,SEA,2008
8,TBR,W,6,5,0,0,0,0,SEA,2008
9,TBR,W,7,1,0,0,0,0,SEA,2008
10,TBR,L,0,7,0,0,0,0,SEA,2008
11,LAA,W,8,5,0,0,0,0,SEA,2008
12,LAA,W,8,3,0,0,0,0,SEA,2008
13,LAA,L,5,10,0,0,0,0,SEA,2008
14,KCR,L,1,5,0,0,0,0,SEA,2008
15,KCR,W,11,6,0,0,0,0,SEA,2008
16,OAK,W,4,2,0,0,0,0,SEA,2008
17,OAK,W,8,1,0,0,0,0,SEA,2008
18,LAA,L,4,5,0,0,0,0,SEA,2008
19,LAA,L,1,4,0,0,0,0,SEA,2008
20,LAA,W,4,2,0,0,0,0,SEA,2008
21,BAL,W,4,2,0,0,0,0,SEA,2008
22,BAL,L,2,3,0,0,0,0,SEA,2008
23,BAL,L,7,8,0,0,0,0,SEA,2008
24,OAK,L,3,4,0,0,0,0,SEA,2008
25,OAK,W,5,3,0,0,0,0,SEA,2008
26,OAK,L,2,4,0,0,0,0,SEA,2008
27,CLE,W,7,2,0,0,0,0,SEA,2008
28,CLE,L,3,8,0,0,0,0,SEA,2008
29,CLE,L,2,3,11,1,0,1,SEA,2008
30,NYY,L,1,5,0,0,0,0,SEA,2008
31,NYY,L,1,6,0,0,0,0,SEA,2008
32,NYY,L,2,8,0,0,0,0,SEA,2008
33,TEX,W,7,3,0,0,0,0,SEA,2008
34,TEX,L,1,10,0,0,0,0,SEA,2008
35,TEX,L,0,2,0,0,0,0,SEA,2008
36,TEX,L,0,5,0,0,0,0,SEA,2008
37,CHW,L,2,4,0,0,0,0,SEA,2008
38,CHW,L,4,8,0,0,0,0,SEA,2008
39,CHW,W,6,3,0,0,0,0,SEA,2008
40,TEX,L,12,13,10,1,0,1,SEA,2008
41,TEX,L,2,5,0,0,0,0,SEA,2008
42,TEX,W,4,3,12,0,0,1,SEA,2008
43,SDP,L,4,6,0,0,0,0,SEA,2008
44,SDP,W,4,2,0,0,0,0,SEA,2008
45,SDP,W,3,2,0,0,0,0,SEA,2008
46,DET,L,8,12,0,0,0,0,SEA,2008
47,DET,L,4,9,0,0,0,0,SEA,2008
48,DET,L,2,9,0,0,0,0,SEA,2008
49,NYY,L,2,13,0,0,0,0,SEA,2008
50,NYY,L,6,12,0,0,0,0,SEA,2008
51,NYY,L,5,6,0,0,0,0,SEA,2008
52,BOS,L,3,5,0,0,0,0,SEA,2008
53,BOS,W,4,3,0,1,0,0,SEA,2008
54,BOS,W,1,0,0,0,0,0,SEA,2008
55,DET,L,4,7,0,0,0,0,SEA,2008
56,DET,W,5,0,0,0,0,0,SEA,2008
57,DET,L,5,7,0,0,0,0,SEA,2008
58,LAA,L,2,4,0,0,0,0,SEA,2008
59,LAA,L,4,5,0,0,0,0,SEA,2008
60,LAA,L,4,5,0,0,0,0,SEA,2008
61,BOS,W,8,0,0,0,0,0,SEA,2008
62,BOS,L,3,11,0,0,0,0,SEA,2008
63,BOS,L,1,2,0,0,0,0,SEA,2008
64,TOR,W,3,2,10,0,0,1,SEA,2008
65,TOR,L,1,3,0,0,0,0,SEA,2008
66,TOR,W,2,1,0,0,0,0,SEA,2008
67,WSN,L,6,7,0,0,0,0,SEA,2008
68,WSN,L,2,5,0,0,0,0,SEA,2008
69,WSN,L,2,6,0,0,0,0,SEA,2008
70,FLA,L,1,6,0,0,0,0,SEA,2008
71,FLA,W,5,4,0,0,0,0,SEA,2008
72,FLA,L,3,8,0,0,0,0,SEA,2008
73,ATL,W,10,2,0,0,0,0,SEA,2008
74,ATL,L,4,5,0,1,0,0,SEA,2008
75,ATL,L,3,8,0,0,0,0,SEA,2008
76,NYM,W,5,2,0,0,0,0,SEA,2008
77,NYM,W,11,0,0,0,0,0,SEA,2008
78,NYM,L,2,8,0,0,0,0,SEA,2008
79,SDP,W,5,2,0,0,0,0,SEA,2008
80,SDP,W,4,2,0,0,0,0,SEA,2008
81,SDP,W,9,2,0,0,0,0,SEA,2008
82,TOR,L,0,2,0,0,0,0,SEA,2008
83,TOR,W,7,6,0,1,0,0,SEA,2008
84,TOR,W,4,2,0,0,0,0,SEA,2008
85,DET,L,4,8,0,0,0,0,SEA,2008
86,DET,W,4,1,0,0,0,0,SEA,2008
87,DET,W,3,2,0,0,0,0,SEA,2008
88,DET,L,1,2,15,0,0,1,SEA,2008
89,OAK,L,3,4,0,0,0,0,SEA,2008
90,OAK,L,0,2,0,0,0,0,SEA,2008
91,OAK,W,6,4,0,0,0,0,SEA,2008
92,OAK,L,2,3,11,1,0,1,SEA,2008
93,KCR,L,1,3,0,0,0,0,SEA,2008
94,KCR,L,4,5,0,1,0,0,SEA,2008
95,KCR,W,4,3,0,0,0,0,SEA,2008
96,CLE,W,8,2,0,0,0,0,SEA,2008
97,CLE,L,6,9,0,0,0,0,SEA,2008
98,CLE,L,2,6,0,0,0,0,SEA,2008
99,BOS,L,0,4,0,0,0,0,SEA,2008
100,BOS,L,2,4,0,0,0,0,SEA,2008
101,BOS,L,3,6,12,0,0,1,SEA,2008
102,TOR,L,4,5,10,1,0,1,SEA,2008
103,TOR,L,3,8,0,0,0,0,SEA,2008
104,TOR,W,5,1,0,0,0,0,SEA,2008
105,TEX,W,7,5,0,0,0,0,SEA,2008
106,TEX,L,10,11,0,1,0,0,SEA,2008
107,TEX,L,3,4,0,0,0,0,SEA,2008
108,TEX,W,8,5,0,0,0,0,SEA,2008
109,BAL,L,5,10,0,0,0,0,SEA,2008
110,BAL,L,1,3,0,0,0,0,SEA,2008
111,BAL,W,8,4,0,0,0,0,SEA,2008
112,MIN,W,11,6,0,0,0,0,SEA,2008
113,MIN,W,8,7,0,0,0,0,SEA,2008
114,MIN,L,3,7,0,0,0,0,SEA,2008
115,TBR,W,2,1,0,1,0,0,SEA,2008
116,TBR,L,3,5,0,0,0,0,SEA,2008
117,TBR,L,7,8,11,0,0,1,SEA,2008
118,TBR,L,3,11,0,0,0,0,SEA,2008
119,LAA,L,3,7,0,0,0,0,SEA,2008
120,LAA,W,10,7,12,0,0,1,SEA,2008
121,MIN,L,3,9,0,0,0,0,SEA,2008
122,MIN,L,6,7,0,1,0,0,SEA,2008
123,MIN,L,8,11,0,0,0,0,SEA,2008
124,CHW,L,5,13,0,0,0,0,SEA,2008
125,CHW,L,0,5,0,0,0,0,SEA,2008
126,CHW,L,3,15,0,0,0,0,SEA,2008
127,OAK,L,0,2,0,0,0,0,SEA,2008
128,OAK,W,7,5,0,0,0,0,SEA,2008
129,OAK,L,1,5,0,0,0,0,SEA,2008
130,OAK,W,8,4,0,0,0,0,SEA,2008
131,MIN,W,4,2,11,1,0,1,SEA,2008
132,MIN,W,3,2,0,0,0,0,SEA,2008
133,MIN,L,5,6,0,0,0,0,SEA,2008
134,CLE,W,3,2,0,0,0,0,SEA,2008
135,CLE,W,4,3,10,0,0,1,SEA,2008
136,CLE,W,6,4,0,0,0,0,SEA,2008
137,TEX,W,12,6,0,0,0,0,SEA,2008
138,TEX,L,4,6,0,0,0,0,SEA,2008
139,TEX,L,0,1,0,0,0,0,SEA,2008
140,NYY,W,3,1,0,0,0,0,SEA,2008
141,NYY,L,4,7,0,0,0,0,SEA,2008
142,NYY,W,5,2,0,0,0,0,SEA,2008
143,TEX,L,3,7,0,0,0,0,SEA,2008
144,TEX,W,8,7,0,0,0,0,SEA,2008
145,LAA,L,4,7,0,0,0,0,SEA,2008
146,LAA,L,3,5,0,1,0,0,SEA,2008
147,LAA,L,2,5,0,0,0,0,SEA,2008
148,LAA,L,3,4,0,1,0,0,SEA,2008
149,KCR,L,0,3,0,0,0,0,SEA,2008
150,KCR,L,3,6,0,0,0,0,SEA,2008
151,KCR,L,2,5,0,0,0,0,SEA,2008
152,KCR,L,0,12,0,0,0,0,SEA,2008
153,OAK,L,0,2,0,0,0,0,SEA,2008
154,OAK,L,7,8,0,0,0,0,SEA,2008
155,OAK,L,3,5,0,0,0,0,SEA,2008
156,LAA,L,1,2,0,0,0,0,SEA,2008
157,LAA,W,9,6,0,0,0,0,SEA,2008
158,LAA,L,5,6,0,0,0,0,SEA,2008
159,LAA,L,4,6,0,0,0,0,SEA,2008
160,OAK,W,10,8,0,0,0,0,SEA,2008
161,OAK,W,7,3,0,0,0,0,SEA,2008
162,OAK,W,4,3,0,0,0,0,SEA,2008
1,MIN,W,6,1,0,0,0,0,SEA,2009
2,MIN,L,5,6,0,1,0,0,SEA,2009
3,MIN,L,5,6,0,0,0,0,SEA,2009
4,MIN,W,2,0,0,0,0,0,SEA,2009
5,OAK,W,5,4,0,0,0,0,SEA,2009
6,OAK,W,8,5,0,0,0,0,SEA,2009
7,OAK,W,1,0,0,0,0,0,SEA,2009
8,LAA,W,3,2,10,1,0,1,SEA,2009
9,LAA,W,11,3,0,0,0,0,SEA,2009
10,LAA,L,1,5,0,0,0,0,SEA,2009
11,DET,W,6,3,0,0,0,0,SEA,2009
12,DET,L,0,2,0,0,0,0,SEA,2009
13,DET,L,2,8,0,0,0,0,SEA,2009
14,TBR,W,4,2,0,0,0,0,SEA,2009
15,TBR,L,3,9,0,0,0,0,SEA,2009
16,TBR,W,1,0,0,0,0,0,SEA,2009
17,LAA,W,8,3,0,0,0,0,SEA,2009
18,LAA,W,9,8,0,0,0,0,SEA,2009
19,LAA,L,0,8,0,0,0,0,SEA,2009
20,CHW,L,1,2,0,0,0,0,SEA,2009
21,CHW,W,9,1,0,0,0,0,SEA,2009
22,CHW,L,3,6,0,0,0,0,SEA,2009
23,OAK,W,8,7,0,1,0,0,SEA,2009
24,OAK,L,2,3,0,0,0,0,SEA,2009
25,OAK,W,8,7,15,1,0,1,SEA,2009
26,TEX,L,5,6,0,0,0,0,SEA,2009
27,TEX,L,2,7,10,0,0,1,SEA,2009
28,KCR,L,1,9,0,0,0,0,SEA,2009
29,KCR,L,1,3,0,0,0,0,SEA,2009
30,MIN,L,0,11,0,0,0,0,SEA,2009
31,MIN,L,6,9,0,0,0,0,SEA,2009
32,MIN,W,5,3,0,0,0,0,SEA,2009
33,TEX,L,1,7,0,0,0,0,SEA,2009
34,TEX,L,5,6,11,1,0,1,SEA,2009
35,TEX,L,2,3,0,1,0,0,SEA,2009
36,BOS,W,5,4,0,0,0,0,SEA,2009
37,BOS,L,3,5,0,0,0,0,SEA,2009
38,BOS,W,3,2,0,1,0,0,SEA,2009
39,LAA,L,6,10,0,0,0,0,SEA,2009
40,LAA,L,5,6,0,0,0,0,SEA,2009
41,LAA,W,1,0,0,0,0,0,SEA,2009
42,LAA,L,0,3,0,0,0,0,SEA,2009
43,SFG,W,2,1,12,1,0,1,SEA,2009
44,SFG,L,1,5,0,0,0,0,SEA,2009
45,SFG,W,5,4,0,0,0,0,SEA,2009
46,OAK,L,1,6,0,0,0,0,SEA,2009
47,OAK,L,3,4,0,0,0,0,SEA,2009
48,OAK,W,6,1,0,0,0,0,SEA,2009
49,LAA,W,5,2,0,0,0,0,SEA,2009
50,LAA,W,4,3,10,0,0,1,SEA,2009
51,LAA,L,8,9,0,1,0,0,SEA,2009
52,BAL,L,0,1,0,0,0,0,SEA,2009
53,BAL,W,8,2,0,0,0,0,SEA,2009
54,BAL,W,3,2,0,1,0,0,SEA,2009
55,MIN,L,1,2,10,0,0,1,SEA,2009
56,MIN,W,2,1,0,0,0,0,SEA,2009
57,MIN,W,4,2,0,0,0,0,SEA,2009
58,BAL,L,1,3,0,0,0,0,SEA,2009
59,BAL,W,4,1,0,0,0,0,SEA,2009
60,BAL,W,6,3,0,0,0,0,SEA,2009
61,COL,L,4,6,0,0,0,0,SEA,2009
62,COL,L,3,5,0,0,0,0,SEA,2009
63,COL,L,1,7,0,0,0,0,SEA,2009
64,SDP,W,5,0,0,0,0,0,SEA,2009
65,SDP,W,4,3,0,0,0,0,SEA,2009
66,SDP,L,3,4,10,1,0,1,SEA,2009
67,ARI,W,4,3,0,0,0,0,SEA,2009
68,ARI,W,7,3,0,0,0,0,SEA,2009
69,ARI,W,3,2,0,1,0,0,SEA,2009
70,SDP,L,7,9,0,0,0,0,SEA,2009
71,SDP,W,4,3,0,0,0,0,SEA,2009
72,SDP,W,9,3,0,0,0,0,SEA,2009
73,LAD,L,2,8,0,0,0,0,SEA,2009
74,LAD,W,5,1,0,0,0,0,SEA,2009
75,LAD,W,4,2,0,0,0,0,SEA,2009
76,NYY,L,5,8,0,0,0,0,SEA,2009
77,NYY,L,2,4,0,0,0,0,SEA,2009
78,NYY,W,8,4,0,0,0,0,SEA,2009
79,BOS,W,7,6,11,0,0,1,SEA,2009
80,BOS,W,3,2,0,0,0,0,SEA,2009
81,BOS,L,4,8,0,0,0,0,SEA,2009
82,BAL,W,5,0,0,0,0,0,SEA,2009
83,BAL,L,4,12,0,0,0,0,SEA,2009
84,BAL,L,3,5,0,0,0,0,SEA,2009
85,TEX,W,3,1,0,0,0,0,SEA,2009
86,TEX,L,4,6,0,0,0,0,SEA,2009
87,TEX,W,4,1,0,0,0,0,SEA,2009
88,TEX,W,5,3,0,0,0,0,SEA,2009
89,CLE,L,1,4,0,0,0,0,SEA,2009
90,CLE,W,6,2,0,0,0,0,SEA,2009
91,CLE,W,3,1,0,0,0,0,SEA,2009
92,CLE,W,5,3,0,0,0,0,SEA,2009
93,DET,L,7,9,0,0,0,0,SEA,2009
94,DET,W,2,1,0,0,0,0,SEA,2009
95,DET,W,2,1,0,0,0,0,SEA,2009
96,CLE,L,0,9,0,0,0,0,SEA,2009
97,CLE,L,3,10,0,0,0,0,SEA,2009
98,CLE,L,3,12,0,0,0,0,SEA,2009
99,TOR,L,4,11,0,0,0,0,SEA,2009
100,TOR,W,4,3,0,1,0,0,SEA,2009
101,TOR,W,3,2,0,0,0,0,SEA,2009
102,TEX,L,1,7,0,0,0,0,SEA,2009
103,TEX,L,4,5,0,0,0,0,SEA,2009
104,TEX,W,7,2,0,0,0,0,SEA,2009
105,TEX,L,2,4,0,0,0,0,SEA,2009
106,KCR,W,7,6,0,0,0,0,SEA,2009
107,KCR,W,11,6,0,0,0,0,SEA,2009
108,KCR,L,2,8,0,0,0,0,SEA,2009
109,TBR,W,7,6,11,1,0,1,SEA,2009
110,TBR,L,4,10,0,0,0,0,SEA,2009
111,TBR,W,11,2,0,0,0,0,SEA,2009
112,CHW,W,6,4,0,0,0,0,SEA,2009
113,CHW,L,1,3,0,0,0,0,SEA,2009
114,CHW,W,1,0,14,1,0,1,SEA,2009
115,NYY,L,1,11,0,0,0,0,SEA,2009
116,NYY,L,2,4,0,0,0,0,SEA,2009
117,NYY,L,2,5,0,0,0,0,SEA,2009
118,NYY,W,10,3,0,0,0,0,SEA,2009
119,DET,L,3,5,0,0,0,0,SEA,2009
120,DET,W,3,1,0,0,0,0,SEA,2009
121,DET,L,6,7,0,1,0,0,SEA,2009
122,CLE,W,9,4,0,0,0,0,SEA,2009
123,CLE,L,3,4,11,1,0,1,SEA,2009
124,CLE,L,1,6,0,0,0,0,SEA,2009
125,OAK,W,3,1,0,0,0,0,SEA,2009
126,OAK,W,4,2,10,1,0,1,SEA,2009
127,OAK,W,5,3,0,0,0,0,SEA,2009
128,KCR,L,4,8,0,0,0,0,SEA,2009
129,KCR,W,6,3,0,0,0,0,SEA,2009
130,KCR,W,8,4,0,0,0,0,SEA,2009
131,KCR,L,0,3,0,0,0,0,SEA,2009
132,LAA,L,0,10,0,0,0,0,SEA,2009
133,LAA,W,2,1,0,0,0,0,SEA,2009
134,LAA,W,3,0,0,0,0,0,SEA,2009
135,OAK,W,7,4,0,0,0,0,SEA,2009
136,OAK,W,6,3,0,0,0,0,SEA,2009
137,OAK,L,5,9,0,0,0,0,SEA,2009
138,OAK,L,2,5,0,0,0,0,SEA,2009
139,LAA,L,2,3,10,1,0,1,SEA,2009
140,LAA,L,3,6,0,0,0,0,SEA,2009
141,LAA,L,0,3,0,0,0,0,SEA,2009
142,TEX,W,8,3,0,0,0,0,SEA,2009
143,TEX,L,2,7,0,0,0,0,SEA,2009
144,TEX,W,5,0,0,0,0,0,SEA,2009
145,CHW,L,3,6,0,0,0,0,SEA,2009
146,CHW,W,4,1,0,0,0,0,SEA,2009
147,CHW,W,4,3,14,1,0,1,SEA,2009
148,NYY,W,3,2,0,1,0,0,SEA,2009
149,NYY,L,1,10,0,0,0,0,SEA,2009
150,NYY,W,7,1,0,0,0,0,SEA,2009
151,TBR,W,4,3,0,0,0,0,SEA,2009
152,TBR,L,4,5,0,0,0,0,SEA,2009
153,TOR,W,5,4,0,0,0,0,SEA,2009
154,TOR,L,0,5,0,0,0,0,SEA,2009
155,TOR,L,4,5,10,1,0,1,SEA,2009
156,TOR,L,4,5,0,0,0,0,SEA,2009
157,OAK,W,6,4,0,0,0,0,SEA,2009
158,OAK,W,7,0,0,0,0,0,SEA,2009
159,OAK,W,4,2,0,0,0,0,SEA,2009
160,TEX,L,4,7,0,0,0,0,SEA,2009
161,TEX,W,2,1,0,0,0,0,SEA,2009
162,TEX,W,4,3,0,0,0,0,SEA,2009
1,OAK,W,5,3,0,0,0,0,SEA,2010
2,OAK,L,1,2,10,1,0,1,SEA,2010
3,OAK,L,5,6,0,1,0,0,SEA,2010
4,OAK,L,2,6,0,0,0,0,SEA,2010
5,TEX,L,2,6,0,0,0,0,SEA,2010
6,TEX,W,4,3,0,0,0,0,SEA,2010
7,TEX,L,2,9,0,0,0,0,SEA,2010
8,OAK,L,0,4,0,0,0,0,SEA,2010
9,OAK,W,3,0,0,0,0,0,SEA,2010
10,OAK,W,4,2,0,0,0,0,SEA,2010
11,DET,W,11,3,0,0,0,0,SEA,2010
12,DET,W,4,2,0,0,0,0,SEA,2010
13,DET,L,2,4,0,0,0,0,SEA,2010
14,BAL,W,8,2,0,0,0,0,SEA,2010
15,BAL,W,3,1,0,0,0,0,SEA,2010
16,BAL,W,4,1,0,0,0,0,SEA,2010
17,CHW,L,6,7,0,1,0,0,SEA,2010
18,CHW,L,4,5,0,1,0,0,SEA,2010
19,CHW,L,2,3,0,0,0,0,SEA,2010
20,KCR,L,1,3,0,0,0,0,SEA,2010
21,KCR,W,3,2,0,0,0,0,SEA,2010
22,KCR,W,6,5,0,0,0,0,SEA,2010
23,TEX,L,0,2,12,0,0,1,SEA,2010
24,TEX,L,3,6,0,0,0,0,SEA,2010
25,TEX,L,1,3,11,0,0,1,SEA,2010
26,TBR,L,2,5,0,0,0,0,SEA,2010
27,TBR,L,3,8,0,0,0,0,SEA,2010
28,TBR,L,0,8,0,0,0,0,SEA,2010
29,LAA,L,0,8,0,0,0,0,SEA,2010
30,LAA,L,3,4,10,0,0,1,SEA,2010
31,LAA,W,8,1,0,0,0,0,SEA,2010
32,BAL,W,5,1,0,0,0,0,SEA,2010
33,BAL,L,2,5,0,0,0,0,SEA,2010
34,BAL,L,5,6,0,0,0,0,SEA,2010
35,TBR,W,4,3,0,0,0,0,SEA,2010
36,TBR,L,2,3,0,1,0,0,SEA,2010
37,TBR,L,1,2,0,0,0,0,SEA,2010
38,OAK,L,4,8,0,0,0,0,SEA,2010
39,OAK,L,5,6,10,1,0,1,SEA,2010
40,TOR,L,2,3,0,0,0,0,SEA,2010
41,TOR,W,4,3,0,1,0,0,SEA,2010
42,SDP,W,15,8,0,0,0,0,SEA,2010
43,SDP,L,1,2,0,0,0,0,SEA,2010
44,SDP,L,1,8,0,0,0,0,SEA,2010
45,DET,W,5,3,0,0,0,0,SEA,2010
46,DET,W,5,4,0,0,0,0,SEA,2010
47,LAA,W,8,3,0,0,0,0,SEA,2010
48,LAA,L,1,5,10,1,0,1,SEA,2010
49,LAA,L,7,9,0,1,0,0,SEA,2010
50,MIN,L,4,5,0,0,0,0,SEA,2010
51,MIN,W,7,1,0,0,0,0,SEA,2010
52,MIN,W,2,1,10,1,0,1,SEA,2010
53,MIN,W,4,1,0,0,0,0,SEA,2010
54,LAA,L,1,7,0,0,0,0,SEA,2010
55,LAA,L,2,11,0,0,0,0,SEA,2010
56,LAA,L,4,9,0,0,0,0,SEA,2010
57,TEX,W,4,2,0,0,0,0,SEA,2010
58,TEX,L,1,7,0,0,0,0,SEA,2010
59,TEX,L,2,12,0,0,0,0,SEA,2010
60,TEX,L,3,12,0,0,0,0,SEA,2010
61,SDP,L,3,4,0,1,0,0,SEA,2010
62,SDP,L,1,7,0,0,0,0,SEA,2010
63,SDP,W,4,2,0,0,0,0,SEA,2010
64,STL,L,3,9,0,0,0,0,SEA,2010
65,STL,L,2,4,0,0,0,0,SEA,2010
66,STL,W,2,1,0,0,0,0,SEA,2010
67,CIN,W,1,0,0,0,0,0,SEA,2010
68,CIN,W,5,1,0,0,0,0,SEA,2010
69,CIN,W,1,0,0,0,0,0,SEA,2010
70,CHC,W,2,0,0,0,0,0,SEA,2010
71,CHC,W,8,1,0,0,0,0,SEA,2010
72,CHC,L,2,3,13,0,0,1,SEA,2010
73,MIL,L,3,8,0,0,0,0,SEA,2010
74,MIL,W,5,4,0,0,0,0,SEA,2010
75,MIL,L,0,3,0,0,0,0,SEA,2010
76,NYY,W,7,4,0,0,0,0,SEA,2010
77,NYY,W,7,0,0,0,0,0,SEA,2010
78,NYY,L,2,4,0,0,0,0,SEA,2010
79,DET,L,1,7,0,0,0,0,SEA,2010
80,DET,L,1,6,0,0,0,0,SEA,2010
81,DET,W,8,1,0,0,0,0,SEA,2010
82,KCR,L,4,6,10,0,0,1,SEA,2010
83,KCR,L,2,3,0,0,0,0,SEA,2010
84,KCR,L,3,7,0,0,0,0,SEA,2010
85,NYY,L,1,3,0,0,0,0,SEA,2010
86,NYY,L,1,6,0,0,0,0,SEA,2010
87,NYY,W,4,1,0,0,0,0,SEA,2010
88,NYY,L,2,8,0,0,0,0,SEA,2010
89,LAA,L,3,8,0,0,0,0,SEA,2010
90,LAA,L,2,3,0,0,0,0,SEA,2010
91,LAA,L,6,7,0,0,0,0,SEA,2010
92,LAA,W,2,1,10,0,0,1,SEA,2010
93,CHW,L,1,6,0,0,0,0,SEA,2010
94,CHW,L,0,4,0,0,0,0,SEA,2010
95,CHW,W,2,1,11,1,0,1,SEA,2010
96,BOS,L,6,8,13,0,0,1,SEA,2010
97,BOS,L,1,2,0,0,0,0,SEA,2010
98,BOS,W,5,1,0,0,0,0,SEA,2010
99,BOS,W,4,2,0,0,0,0,SEA,2010
100,CHW,L,1,6,0,0,0,0,SEA,2010
101,CHW,L,0,11,0,0,0,0,SEA,2010
102,CHW,L,5,6,0,0,0,0,SEA,2010
103,CHW,L,5,9,0,0,0,0,SEA,2010
104,MIN,L,3,5,0,0,0,0,SEA,2010
105,MIN,L,0,4,0,0,0,0,SEA,2010
106,MIN,L,0,4,0,0,0,0,SEA,2010
107,TEX,W,3,2,0,0,0,0,SEA,2010
108,TEX,L,6,11,0,0,0,0,SEA,2010
109,TEX,L,0,6,0,0,0,0,SEA,2010
110,KCR,W,7,1,0,0,0,0,SEA,2010
111,KCR,L,1,2,0,0,0,0,SEA,2010
112,KCR,W,3,2,0,0,0,0,SEA,2010
113,OAK,W,3,1,0,0,0,0,SEA,2010
114,OAK,W,2,0,0,0,0,0,SEA,2010
115,OAK,L,1,5,0,0,0,0,SEA,2010
116,CLE,W,3,2,0,0,0,0,SEA,2010
117,CLE,W,9,3,0,0,0,0,SEA,2010
118,CLE,L,1,9,0,0,0,0,SEA,2010
119,BAL,L,4,5,11,1,0,1,SEA,2010
120,BAL,W,4,0,0,0,0,0,SEA,2010
121,BAL,W,6,5,0,0,0,0,SEA,2010
122,NYY,W,6,0,0,0,0,0,SEA,2010
123,NYY,L,5,9,0,0,0,0,SEA,2010
124,NYY,L,0,10,0,0,0,0,SEA,2010
125,BOS,L,3,6,0,0,0,0,SEA,2010
126,BOS,L,3,5,0,0,0,0,SEA,2010
127,BOS,W,4,2,0,0,0,0,SEA,2010
128,MIN,L,3,6,0,0,0,0,SEA,2010
129,MIN,L,0,1,0,0,0,0,SEA,2010
130,MIN,W,2,1,0,0,0,0,SEA,2010
131,LAA,L,3,5,0,0,0,0,SEA,2010
132,LAA,W,3,1,0,0,0,0,SEA,2010
133,LAA,L,2,4,0,0,0,0,SEA,2010
134,CLE,L,3,6,0,0,0,0,SEA,2010
135,CLE,W,1,0,0,0,0,0,SEA,2010
136,CLE,L,2,4,0,0,0,0,SEA,2010
137,CLE,W,3,0,0,0,0,0,SEA,2010
138,OAK,L,2,6,0,0,0,0,SEA,2010
139,OAK,W,7,5,0,0,0,0,SEA,2010
140,OAK,L,3,4,0,0,0,0,SEA,2010
141,LAA,L,3,4,14,1,0,1,SEA,2010
142,LAA,L,4,7,0,0,0,0,SEA,2010
143,LAA,L,0,3,0,0,0,0,SEA,2010
144,BOS,L,1,5,0,0,0,0,SEA,2010
145,BOS,L,6,9,0,0,0,0,SEA,2010
146,BOS,L,1,5,0,0,0,0,SEA,2010
147,TEX,W,2,1,0,0,0,0,SEA,2010
148,TEX,L,1,6,0,0,0,0,SEA,2010
149,TEX,W,2,1,0,0,0,0,SEA,2010
150,TOR,L,3,5,0,0,0,0,SEA,2010
151,TOR,W,6,3,0,0,0,0,SEA,2010
152,TOR,L,0,1,0,0,0,0,SEA,2010
153,TBR,L,3,5,0,0,0,0,SEA,2010
154,TBR,L,1,9,0,0,0,0,SEA,2010
155,TBR,W,6,2,0,0,0,0,SEA,2010
156,TEX,W,7,5,0,0,0,0,SEA,2010
157,TEX,W,3,1,0,0,0,0,SEA,2010
158,TEX,L,5,6,0,1,0,0,SEA,2010
159,OAK,L,1,8,0,0,0,0,SEA,2010
160,OAK,L,0,9,0,0,0,0,SEA,2010
161,OAK,L,3,5,0,0,0,0,SEA,2010
162,OAK,L,3,4,0,0,0,0,SEA,2010
1,OAK,W,6,2,0,0,0,0,SEA,2011
2,OAK,W,5,2,0,0,0,0,SEA,2011
3,OAK,L,1,7,0,0,0,0,SEA,2011
4,TEX,L,4,6,0,0,0,0,SEA,2011
5,TEX,L,2,3,0,0,0,0,SEA,2011
6,TEX,L,3,7,0,0,0,0,SEA,2011
7,CLE,L,3,12,0,0,0,0,SEA,2011
8,CLE,L,1,2,0,0,0,0,SEA,2011
9,CLE,L,4,6,0,0,0,0,SEA,2011
10,TOR,W,8,7,0,1,0,0,SEA,2011
11,TOR,W,3,2,0,0,0,0,SEA,2011
12,TOR,L,3,8,0,0,0,0,SEA,2011
13,KCR,L,1,5,8,0,0,0,SEA,2011
14,KCR,L,5,6,0,0,0,0,SEA,2011
15,KCR,L,0,7,0,0,0,0,SEA,2011
16,KCR,W,3,2,0,0,0,0,SEA,2011
17,DET,L,3,8,0,0,0,0,SEA,2011
18,DET,W,13,3,0,0,0,0,SEA,2011
19,DET,L,2,3,0,0,0,0,SEA,2011
20,OAK,W,1,0,0,0,0,0,SEA,2011
21,OAK,W,4,0,0,0,0,0,SEA,2011
22,OAK,L,1,9,0,0,0,0,SEA,2011
23,OAK,L,2,5,0,0,0,0,SEA,2011
24,DET,W,7,3,0,0,0,0,SEA,2011
25,DET,W,10,1,0,0,0,0,SEA,2011
26,DET,W,7,2,0,0,0,0,SEA,2011
27,BOS,W,5,4,0,0,0,0,SEA,2011
28,BOS,W,2,0,0,0,0,0,SEA,2011
29,BOS,L,2,3,0,1,0,0,SEA,2011
30,TEX,W,4,3,0,0,0,0,SEA,2011
31,TEX,L,2,5,0,0,0,0,SEA,2011
32,TEX,W,3,1,0,0,0,0,SEA,2011
33,CHW,W,3,2,0,1,0,0,SEA,2011
34,CHW,L,0,6,0,0,0,0,SEA,2011
35,CHW,L,2,5,10,0,0,1,SEA,2011
36,BAL,L,6,7,13,1,0,1,SEA,2011
37,BAL,L,2,4,0,0,0,0,SEA,2011
38,BAL,L,1,2,12,1,0,1,SEA,2011
39,CLE,L,4,5,0,1,0,0,SEA,2011
40,MIN,W,5,2,0,0,0,0,SEA,2011
41,MIN,L,1,2,0,0,0,0,SEA,2011
42,LAA,W,3,0,0,0,0,0,SEA,2011
43,LAA,W,2,1,0,1,0,0,SEA,2011
44,SDP,W,4,1,0,0,0,0,SEA,2011
45,SDP,W,4,0,0,0,0,0,SEA,2011
46,SDP,W,6,1,0,0,0,0,SEA,2011
47,MIN,W,8,7,10,0,0,1,SEA,2011
48,MIN,L,2,4,0,0,0,0,SEA,2011
49,MIN,W,3,0,0,0,0,0,SEA,2011
50,NYY,W,4,3,0,0,0,0,SEA,2011
51,NYY,W,5,4,12,1,0,1,SEA,2011
52,NYY,L,1,7,0,0,0,0,SEA,2011
53,BAL,W,4,3,0,0,0,0,SEA,2011
54,BAL,W,3,2,0,0,0,0,SEA,2011
55,BAL,L,1,2,0,0,0,0,SEA,2011
56,TBR,W,8,2,0,0,0,0,SEA,2011
57,TBR,W,7,0,0,0,0,0,SEA,2011
58,TBR,L,2,3,0,0,0,0,SEA,2011
59,TBR,W,9,6,0,0,0,0,SEA,2011
60,CHW,L,1,3,0,0,0,0,SEA,2011
61,CHW,L,1,5,0,0,0,0,SEA,2011
62,CHW,W,7,4,10,0,0,1,SEA,2011
63,DET,L,1,4,0,0,0,0,SEA,2011
64,DET,W,3,2,0,0,0,0,SEA,2011
65,DET,L,1,8,0,0,0,0,SEA,2011
66,DET,W,7,3,0,0,0,0,SEA,2011
67,LAA,L,3,6,0,0,0,0,SEA,2011
68,LAA,L,0,4,0,0,0,0,SEA,2011
69,LAA,W,3,1,0,0,0,0,SEA,2011
70,PHI,W,4,2,0,0,0,0,SEA,2011
71,PHI,L,1,5,0,0,0,0,SEA,2011
72,PHI,W,2,0,0,0,0,0,SEA,2011
73,WSN,L,5,6,0,1,0,0,SEA,2011
74,WSN,L,1,2,0,0,0,0,SEA,2011
75,WSN,L,0,1,0,1,0,0,SEA,2011
76,FLA,W,5,1,0,0,0,0,SEA,2011
77,FLA,L,2,4,0,0,0,0,SEA,2011
78,FLA,W,2,1,10,0,0,1,SEA,2011
79,ATL,L,1,3,0,0,0,0,SEA,2011
80,ATL,L,4,5,0,0,0,0,SEA,2011
81,ATL,L,3,5,0,0,0,0,SEA,2011
82,SDP,W,6,0,0,0,0,0,SEA,2011
83,SDP,L,0,1,0,0,0,0,SEA,2011
84,SDP,W,3,1,0,0,0,0,SEA,2011
85,OAK,W,2,1,0,0,0,0,SEA,2011
86,OAK,W,4,2,10,0,0,1,SEA,2011
87,OAK,L,0,2,0,0,0,0,SEA,2011
88,LAA,L,1,5,0,0,0,0,SEA,2011
89,LAA,L,3,4,0,1,0,0,SEA,2011
90,LAA,L,3,9,0,0,0,0,SEA,2011
91,LAA,L,2,4,0,0,0,0,SEA,2011
92,TEX,L,0,5,0,0,0,0,SEA,2011
93,TEX,L,0,4,0,0,0,0,SEA,2011
94,TEX,L,1,5,0,0,0,0,SEA,2011
95,TEX,L,1,3,0,0,0,0,SEA,2011
96,TOR,L,5,6,14,1,0,1,SEA,2011
97,TOR,L,6,11,0,0,0,0,SEA,2011
98,TOR,L,5,7,0,0,0,0,SEA,2011
99,BOS,L,4,7,0,0,0,0,SEA,2011
100,BOS,L,1,3,0,0,0,0,SEA,2011
101,BOS,L,8,12,0,0,0,0,SEA,2011
102,NYY,L,3,10,0,0,0,0,SEA,2011
103,NYY,L,1,4,0,0,0,0,SEA,2011
104,NYY,W,9,2,0,0,0,0,SEA,2011
105,TBR,L,0,8,0,0,0,0,SEA,2011
106,TBR,W,3,2,0,0,0,0,SEA,2011
107,TBR,L,1,8,0,0,0,0,SEA,2011
108,OAK,W,8,4,0,0,0,0,SEA,2011
109,OAK,W,4,2,0,0,0,0,SEA,2011
110,OAK,W,7,4,0,0,0,0,SEA,2011
111,LAA,L,0,1,10,1,0,1,SEA,2011
112,LAA,W,5,1,0,0,0,0,SEA,2011
113,LAA,L,1,2,0,0,0,0,SEA,2011
114,TEX,L,2,9,0,0,0,0,SEA,2011
115,TEX,L,6,7,0,1,0,0,SEA,2011
116,TEX,W,4,3,0,0,0,0,SEA,2011
117,BOS,L,4,6,0,0,0,0,SEA,2011
118,BOS,W,5,4,0,0,0,0,SEA,2011
119,BOS,W,5,3,0,0,0,0,SEA,2011
120,TOR,W,6,5,0,0,0,0,SEA,2011
121,TOR,L,7,13,0,0,0,0,SEA,2011
122,TOR,L,1,5,0,0,0,0,SEA,2011
123,TBR,L,2,3,0,0,0,0,SEA,2011
124,TBR,L,0,8,0,0,0,0,SEA,2011
125,TBR,L,7,8,0,1,0,0,SEA,2011
126,CLE,W,3,2,0,0,0,0,SEA,2011
127,CLE,L,5,7,0,1,0,0,SEA,2011
128,CLE,W,12,7,0,0,0,0,SEA,2011
129,CLE,W,9,2,0,0,0,0,SEA,2011
130,CHW,L,2,4,0,0,0,0,SEA,2011
131,CHW,L,0,3,0,0,0,0,SEA,2011
132,CHW,L,3,9,0,0,0,0,SEA,2011
133,LAA,W,5,3,0,0,0,0,SEA,2011
134,LAA,L,6,13,0,0,0,0,SEA,2011
135,LAA,W,2,1,0,0,0,0,SEA,2011
136,LAA,L,3,4,0,0,0,0,SEA,2011
137,OAK,L,2,9,0,0,0,0,SEA,2011
138,OAK,L,0,3,0,0,0,0,SEA,2011
139,OAK,L,5,8,0,0,0,0,SEA,2011
140,LAA,L,3,7,0,0,0,0,SEA,2011
141,LAA,W,2,1,0,0,0,0,SEA,2011
142,LAA,L,1,3,0,0,0,0,SEA,2011
143,KCR,W,4,1,0,0,0,0,SEA,2011
144,KCR,W,7,3,0,0,0,0,SEA,2011
145,KCR,L,2,4,0,0,0,0,SEA,2011
146,KCR,L,1,2,0,0,0,0,SEA,2011
147,NYY,L,3,9,0,0,0,0,SEA,2011
148,NYY,L,2,3,0,0,0,0,SEA,2011
149,NYY,W,2,1,12,1,0,1,SEA,2011
150,TEX,W,4,0,0,0,0,0,SEA,2011
151,TEX,L,6,7,0,0,0,0,SEA,2011
152,TEX,L,0,3,0,0,0,0,SEA,2011
153,CLE,W,12,6,7,0,0,0,SEA,2011
154,MIN,W,5,4,0,0,0,0,SEA,2011
155,MIN,W,5,4,0,0,0,0,SEA,2011
156,MIN,L,2,3,0,1,0,0,SEA,2011
157,TEX,L,3,5,0,0,0,0,SEA,2011
158,TEX,L,3,7,0,0,0,0,SEA,2011
159,TEX,L,5,12,0,0,0,0,SEA,2011
160,OAK,W,4,2,0,0,0,0,SEA,2011
161,OAK,L,0,7,0,0,0,0,SEA,2011
162,OAK,L,0,2,0,0,0,0,SEA,2011
1,OAK,W,3,1,11,0,0,1,SEA,2012
2,OAK,L,1,4,0,0,0,0,SEA,2012
3,OAK,W,7,3,0,0,0,0,SEA,2012
4,OAK,W,8,7,0,0,0,0,SEA,2012
5,TEX,L,5,11,0,0,0,0,SEA,2012
6,TEX,L,0,1,0,0,0,0,SEA,2012
7,TEX,W,4,3,0,0,0,0,SEA,2012
8,TEX,L,3,5,0,0,0,0,SEA,2012
9,OAK,L,0,4,0,0,0,0,SEA,2012
10,OAK,W,4,0,0,0,0,0,SEA,2012
11,OAK,W,5,3,0,0,0,0,SEA,2012
12,CLE,L,8,9,0,0,0,0,SEA,2012
13,CLE,W,4,1,0,0,0,0,SEA,2012
14,CLE,L,1,2,0,0,0,0,SEA,2012
15,CHW,L,3,7,0,0,0,0,SEA,2012
16,CHW,L,0,4,0,0,0,0,SEA,2012
17,CHW,L,4,7,0,0,0,0,SEA,2012
18,DET,W,7,4,0,0,0,0,SEA,2012
19,DET,W,9,1,0,0,0,0,SEA,2012
20,DET,W,5,4,0,0,0,0,SEA,2012
21,TOR,W,9,5,10,0,0,1,SEA,2012
22,TOR,L,0,7,0,0,0,0,SEA,2012
23,TOR,L,2,7,0,0,0,0,SEA,2012
24,TBR,L,2,3,12,1,0,1,SEA,2012
25,TBR,L,1,3,0,0,0,0,SEA,2012
26,TBR,L,4,5,0,0,0,0,SEA,2012
27,TBR,L,3,4,0,0,0,0,SEA,2012
28,MIN,L,2,3,0,0,0,0,SEA,2012
29,MIN,W,7,0,0,0,0,0,SEA,2012
30,MIN,W,5,2,0,0,0,0,SEA,2012
31,DET,W,3,2,0,1,0,0,SEA,2012
32,DET,L,4,6,0,0,0,0,SEA,2012
33,DET,W,2,1,0,0,0,0,SEA,2012
34,NYY,L,2,6,0,0,0,0,SEA,2012
35,NYY,L,2,6,0,0,0,0,SEA,2012
36,NYY,W,6,2,0,0,0,0,SEA,2012
37,BOS,L,1,6,0,0,0,0,SEA,2012
38,BOS,L,0,5,0,0,0,0,SEA,2012
39,CLE,L,3,9,0,0,0,0,SEA,2012
40,CLE,L,5,6,11,1,0,1,SEA,2012
41,COL,W,4,0,0,0,0,0,SEA,2012
42,COL,W,10,3,0,0,0,0,SEA,2012
43,COL,W,6,4,0,0,0,0,SEA,2012
44,TEX,W,6,1,0,0,0,0,SEA,2012
45,TEX,L,1,3,0,0,0,0,SEA,2012
46,TEX,W,5,3,0,0,0,0,SEA,2012
47,LAA,L,0,3,0,0,0,0,SEA,2012
48,LAA,L,4,6,0,0,0,0,SEA,2012
49,LAA,L,3,5,0,0,0,0,SEA,2012
50,LAA,L,2,4,0,0,0,0,SEA,2012
51,TEX,L,2,4,0,0,0,0,SEA,2012
52,TEX,W,10,3,0,0,0,0,SEA,2012
53,TEX,W,21,8,0,0,0,0,SEA,2012
54,CHW,L,4,7,0,0,0,0,SEA,2012
55,CHW,W,10,8,12,0,0,1,SEA,2012
56,CHW,L,2,4,0,0,0,0,SEA,2012
57,LAA,W,8,6,0,0,0,0,SEA,2012
58,LAA,L,1,6,0,0,0,0,SEA,2012
59,LAA,W,8,6,0,0,0,0,SEA,2012
60,LAD,W,1,0,0,0,0,0,SEA,2012
61,LAD,L,3,8,0,0,0,0,SEA,2012
62,LAD,L,2,8,0,0,0,0,SEA,2012
63,SDP,L,4,5,0,0,0,0,SEA,2012
64,SDP,L,0,1,0,0,0,0,SEA,2012
65,SDP,L,2,6,0,0,0,0,SEA,2012
66,SFG,L,2,4,0,0,0,0,SEA,2012
67,SFG,W,7,4,0,0,0,0,SEA,2012
68,SFG,W,2,1,0,1,0,0,SEA,2012
69,ARI,L,1,7,0,0,0,0,SEA,2012
70,ARI,W,12,9,10,0,0,1,SEA,2012
71,ARI,L,10,14,0,0,0,0,SEA,2012
72,SDP,L,5,9,0,0,0,0,SEA,2012
73,SDP,W,5,1,0,0,0,0,SEA,2012
74,SDP,L,0,2,0,0,0,0,SEA,2012
75,OAK,L,0,1,0,0,0,0,SEA,2012
76,OAK,W,3,2,0,0,0,0,SEA,2012
77,OAK,L,1,2,0,0,0,0,SEA,2012
78,BOS,W,1,0,0,1,0,0,SEA,2012
79,BOS,L,0,5,0,0,0,0,SEA,2012
80,BOS,W,3,2,11,1,0,1,SEA,2012
81,BOS,L,1,2,10,0,0,1,SEA,2012
82,BAL,W,6,3,0,0,0,0,SEA,2012
83,BAL,L,4,5,0,0,0,0,SEA,2012
84,BAL,L,2,4,0,0,0,0,SEA,2012
85,OAK,L,1,4,11,1,0,1,SEA,2012
86,OAK,W,7,1,0,0,0,0,SEA,2012
87,OAK,L,1,2,13,1,0,1,SEA,2012
88,TEX,L,2,3,0,0,0,0,SEA,2012
89,TEX,W,7,0,0,0,0,0,SEA,2012
90,TEX,L,0,4,0,0,0,0,SEA,2012
91,KCR,W,9,4,0,0,0,0,SEA,2012
92,KCR,W,9,6,0,0,0,0,SEA,2012
93,KCR,L,7,8,0,1,0,0,SEA,2012
94,KCR,W,6,1,0,0,0,0,SEA,2012
95,TBR,L,3,4,14,1,0,1,SEA,2012
96,TBR,W,2,1,0,0,0,0,SEA,2012
97,TBR,W,2,1,0,0,0,0,SEA,2012
98,NYY,L,1,4,0,0,0,0,SEA,2012
99,NYY,W,4,2,0,0,0,0,SEA,2012
100,NYY,L,2,5,0,0,0,0,SEA,2012
101,KCR,W,4,1,0,0,0,0,SEA,2012
102,KCR,W,6,1,0,0,0,0,SEA,2012
103,KCR,W,4,3,0,0,0,0,SEA,2012
104,KCR,W,7,6,0,0,0,0,SEA,2012
105,TOR,W,4,1,0,0,0,0,SEA,2012
106,TOR,W,7,2,0,0,0,0,SEA,2012
107,TOR,W,5,3,0,0,0,0,SEA,2012
108,NYY,L,3,6,0,0,0,0,SEA,2012
109,NYY,W,1,0,0,0,0,0,SEA,2012
110,NYY,L,2,6,0,0,0,0,SEA,2012
111,BAL,L,1,3,0,0,0,0,SEA,2012
112,BAL,L,7,8,14,1,0,1,SEA,2012
113,BAL,L,2,9,0,0,0,0,SEA,2012
114,LAA,L,5,6,0,1,0,0,SEA,2012
115,LAA,W,7,4,0,0,0,0,SEA,2012
116,LAA,W,4,1,0,0,0,0,SEA,2012
117,TBR,L,1,4,0,0,0,0,SEA,2012
118,TBR,W,3,2,0,1,0,0,SEA,2012
119,TBR,W,1,0,0,0,0,0,SEA,2012
120,MIN,W,5,3,0,0,0,0,SEA,2012
121,MIN,W,3,2,0,1,0,0,SEA,2012
122,MIN,W,5,1,0,0,0,0,SEA,2012
123,CLE,W,5,3,0,0,0,0,SEA,2012
124,CLE,W,5,1,0,0,0,0,SEA,2012
125,CLE,W,3,1,0,0,0,0,SEA,2012
126,CHW,L,8,9,0,1,0,0,SEA,2012
127,CHW,L,4,5,0,0,0,0,SEA,2012
128,CHW,L,3,4,7,0,0,0,SEA,2012
129,MIN,W,1,0,0,0,0,0,SEA,2012
130,MIN,W,5,2,0,0,0,0,SEA,2012
131,MIN,L,0,10,0,0,0,0,SEA,2012
132,MIN,W,5,4,0,0,0,0,SEA,2012
133,LAA,L,1,9,0,0,0,0,SEA,2012
134,LAA,L,2,5,0,0,0,0,SEA,2012
135,LAA,W,2,1,0,0,0,0,SEA,2012
136,BOS,W,4,1,0,0,0,0,SEA,2012
137,BOS,L,3,4,0,0,0,0,SEA,2012
138,BOS,W,2,1,0,0,0,0,SEA,2012
139,OAK,L,1,6,0,0,0,0,SEA,2012
140,OAK,L,1,6,0,0,0,0,SEA,2012
141,OAK,L,2,4,0,0,0,0,SEA,2012
142,TOR,W,4,3,0,0,0,0,SEA,2012
143,TOR,W,3,2,0,0,0,0,SEA,2012
144,TOR,L,3,8,0,0,0,0,SEA,2012
145,TEX,L,3,9,0,0,0,0,SEA,2012
146,TEX,W,8,6,0,0,0,0,SEA,2012
147,TEX,L,1,2,0,0,0,0,SEA,2012
148,BAL,L,4,10,0,0,0,0,SEA,2012
149,BAL,L,2,4,18,0,0,1,SEA,2012
150,BAL,L,1,3,11,0,0,1,SEA,2012
151,TEX,W,6,3,0,0,0,0,SEA,2012
152,TEX,W,1,0,0,0,0,0,SEA,2012
153,TEX,L,2,3,0,0,0,0,SEA,2012
154,LAA,L,4,5,0,0,0,0,SEA,2012
155,LAA,L,3,4,0,1,0,0,SEA,2012
156,LAA,W,9,4,0,0,0,0,SEA,2012
157,OAK,L,2,8,0,0,0,0,SEA,2012
158,OAK,L,4,7,10,1,0,1,SEA,2012
159,OAK,L,2,5,0,0,0,0,SEA,2012
160,LAA,L,4,8,0,0,0,0,SEA,2012
161,LAA,W,6,1,0,0,0,0,SEA,2012
162,LAA,W,12,0,0,0,0,0,SEA,2012
1,OAK,W,2,0,0,0,0,0,SEA,2013
2,OAK,W,7,1,0,0,0,0,SEA,2013
3,OAK,L,2,6,0,0,0,0,SEA,2013
4,OAK,L,2,8,0,0,0,0,SEA,2013
5,CHW,W,8,7,10,0,0,1,SEA,2013
6,CHW,L,3,4,0,0,0,0,SEA,2013
7,CHW,L,3,4,10,1,0,1,SEA,2013
8,HOU,W,3,0,0,0,0,0,SEA,2013
9,HOU,L,9,16,0,0,0,0,SEA,2013
10,HOU,L,3,8,0,0,0,0,SEA,2013
11,TEX,L,3,4,0,0,0,0,SEA,2013
12,TEX,W,3,1,0,0,0,0,SEA,2013
13,TEX,L,1,3,0,0,0,0,SEA,2013
14,TEX,W,4,3,0,0,0,0,SEA,2013
15,DET,L,2,6,0,0,0,0,SEA,2013
16,DET,L,1,2,14,0,0,1,SEA,2013
17,DET,W,2,0,0,0,0,0,SEA,2013
18,TEX,L,0,7,0,0,0,0,SEA,2013
19,TEX,L,0,5,0,0,0,0,SEA,2013
20,TEX,L,3,11,0,0,0,0,SEA,2013
21,HOU,W,7,1,0,0,0,0,SEA,2013
22,HOU,L,2,3,0,0,0,0,SEA,2013
23,HOU,L,3,10,0,0,0,0,SEA,2013
24,LAA,W,6,0,0,0,0,0,SEA,2013
25,LAA,L,3,6,0,0,0,0,SEA,2013
26,LAA,W,3,2,0,0,0,0,SEA,2013
27,LAA,W,2,1,0,0,0,0,SEA,2013
28,BAL,W,6,2,0,0,0,0,SEA,2013
29,BAL,L,2,7,0,0,0,0,SEA,2013
30,BAL,W,8,3,0,0,0,0,SEA,2013
31,TOR,W,4,0,0,0,0,0,SEA,2013
32,TOR,W,8,1,0,0,0,0,SEA,2013
33,TOR,L,2,10,0,0,0,0,SEA,2013
34,PIT,L,1,4,0,0,0,0,SEA,2013
35,PIT,W,2,1,0,0,0,0,SEA,2013
36,OAK,W,6,3,0,0,0,0,SEA,2013
37,OAK,L,3,4,0,0,0,0,SEA,2013
38,OAK,W,6,1,0,0,0,0,SEA,2013
39,NYY,L,3,4,0,0,0,0,SEA,2013
40,NYY,W,12,2,0,0,0,0,SEA,2013
41,NYY,W,3,2,0,0,0,0,SEA,2013
42,CLE,L,3,6,10,1,0,1,SEA,2013
43,CLE,L,4,5,0,1,0,0,SEA,2013
44,CLE,L,0,6,0,0,0,0,SEA,2013
45,CLE,L,8,10,10,1,0,1,SEA,2013
46,LAA,L,0,12,0,0,0,0,SEA,2013
47,LAA,L,1,7,0,0,0,0,SEA,2013
48,TEX,L,5,9,0,0,0,0,SEA,2013
49,TEX,L,2,5,0,0,0,0,SEA,2013
50,TEX,W,4,3,13,1,0,1,SEA,2013
51,SDP,W,9,0,0,0,0,0,SEA,2013
52,SDP,L,1,6,0,0,0,0,SEA,2013
53,SDP,L,2,3,10,1,0,1,SEA,2013
54,SDP,W,7,1,0,0,0,0,SEA,2013
55,MIN,W,3,0,0,0,0,0,SEA,2013
56,MIN,L,4,5,0,1,0,0,SEA,2013
57,MIN,L,0,10,0,0,0,0,SEA,2013
58,CHW,W,4,2,0,0,0,0,SEA,2013
59,CHW,W,7,4,0,0,0,0,SEA,2013
60,CHW,L,5,7,16,0,0,1,SEA,2013
61,NYY,L,1,6,0,0,0,0,SEA,2013
62,NYY,W,4,1,0,0,0,0,SEA,2013
63,NYY,L,1,3,0,0,0,0,SEA,2013
64,NYY,L,1,2,0,0,0,0,SEA,2013
65,HOU,W,3,2,0,0,0,0,SEA,2013
66,HOU,W,4,0,0,0,0,0,SEA,2013
67,HOU,L,1,6,0,0,0,0,SEA,2013
68,OAK,W,3,2,0,0,0,0,SEA,2013
69,OAK,W,4,0,0,0,0,0,SEA,2013
70,OAK,L,2,10,0,0,0,0,SEA,2013
71,LAA,L,3,11,0,0,0,0,SEA,2013
72,LAA,W,3,2,10,0,0,1,SEA,2013
73,LAA,L,0,1,0,0,0,0,SEA,2013
74,LAA,L,9,10,0,0,0,0,SEA,2013
75,OAK,L,3,6,0,0,0,0,SEA,2013
76,OAK,W,7,5,0,0,0,0,SEA,2013
77,OAK,W,6,3,10,1,0,1,SEA,2013
78,PIT,L,4,9,0,0,0,0,SEA,2013
79,PIT,L,2,4,0,0,0,0,SEA,2013
80,CHC,W,5,4,10,1,0,1,SEA,2013
81,CHC,L,3,5,11,0,0,1,SEA,2013
82,CHC,L,6,7,0,0,0,0,SEA,2013
83,TEX,W,9,2,0,0,0,0,SEA,2013
84,TEX,W,4,2,10,0,0,1,SEA,2013
85,TEX,L,4,5,0,0,0,0,SEA,2013
86,CIN,W,4,2,0,0,0,0,SEA,2013
87,CIN,L,4,13,0,0,0,0,SEA,2013
88,CIN,W,3,1,0,0,0,0,SEA,2013
89,BOS,W,11,4,0,0,0,0,SEA,2013
90,BOS,L,8,11,0,0,0,0,SEA,2013
91,BOS,L,4,11,0,0,0,0,SEA,2013
92,BOS,L,7,8,10,0,0,1,SEA,2013
93,LAA,W,8,3,0,0,0,0,SEA,2013
94,LAA,W,6,0,0,0,0,0,SEA,2013
95,LAA,W,4,3,0,0,0,0,SEA,2013
96,HOU,W,10,7,0,0,0,0,SEA,2013
97,HOU,W,4,2,0,0,0,0,SEA,2013
98,HOU,W,12,5,0,0,0,0,SEA,2013
99,CLE,W,2,1,0,0,0,0,SEA,2013
100,CLE,W,4,3,0,0,0,0,SEA,2013
101,CLE,L,1,10,0,0,0,0,SEA,2013
102,MIN,W,8,2,0,0,0,0,SEA,2013
103,MIN,L,2,3,13,0,0,1,SEA,2013
104,MIN,L,0,4,0,0,0,0,SEA,2013
105,MIN,W,6,4,0,0,0,0,SEA,2013
106,BOS,L,2,8,0,0,0,0,SEA,2013
107,BOS,L,4,5,15,1,0,1,SEA,2013
108,BOS,L,7,8,0,1,0,0,SEA,2013
109,BAL,L,8,11,0,0,0,0,SEA,2013
110,BAL,W,8,4,0,0,0,0,SEA,2013
111,BAL,W,3,2,0,0,0,0,SEA,2013
112,TOR,L,1,3,0,0,0,0,SEA,2013
113,TOR,L,2,7,0,0,0,0,SEA,2013
114,TOR,W,9,7,0,0,0,0,SEA,2013
115,MIL,L,5,10,0,0,0,0,SEA,2013
116,MIL,L,0,10,0,0,0,0,SEA,2013
117,MIL,W,2,0,0,0,0,0,SEA,2013
118,TBR,W,5,4,0,0,0,0,SEA,2013
119,TBR,L,4,5,0,1,0,0,SEA,2013
120,TBR,L,1,7,0,0,0,0,SEA,2013
121,TEX,W,3,1,0,0,0,0,SEA,2013
122,TEX,L,3,15,0,0,0,0,SEA,2013
123,TEX,W,4,3,0,0,0,0,SEA,2013
124,OAK,L,1,2,0,1,0,0,SEA,2013
125,OAK,W,7,4,0,0,0,0,SEA,2013
126,OAK,W,5,3,0,0,0,0,SEA,2013
127,LAA,L,0,2,0,0,0,0,SEA,2013
128,LAA,L,1,5,0,0,0,0,SEA,2013
129,LAA,L,1,7,0,0,0,0,SEA,2013
130,TEX,L,3,8,0,0,0,0,SEA,2013
131,TEX,L,3,4,10,0,0,1,SEA,2013
132,TEX,L,4,12,0,0,0,0,SEA,2013
133,HOU,W,3,2,0,0,0,0,SEA,2013
134,HOU,W,7,1,0,0,0,0,SEA,2013
135,HOU,W,3,1,0,0,0,0,SEA,2013
136,HOU,L,0,2,0,0,0,0,SEA,2013
137,KCR,L,1,3,0,0,0,0,SEA,2013
138,KCR,L,3,4,0,0,0,0,SEA,2013
139,KCR,W,6,4,0,0,0,0,SEA,2013
140,KCR,L,6,7,13,1,0,1,SEA,2013
141,TBR,W,6,4,0,0,0,0,SEA,2013
142,TBR,W,6,2,0,0,0,0,SEA,2013
143,TBR,L,1,4,0,0,0,0,SEA,2013
144,HOU,L,4,6,0,0,0,0,SEA,2013
145,HOU,L,2,13,0,0,0,0,SEA,2013
146,HOU,L,1,6,0,0,0,0,SEA,2013
147,STL,L,1,2,10,1,0,1,SEA,2013
148,STL,W,4,1,0,0,0,0,SEA,2013
149,STL,L,2,12,0,0,0,0,SEA,2013
150,DET,L,2,4,0,0,0,0,SEA,2013
151,DET,L,2,6,0,0,0,0,SEA,2013
152,DET,W,8,0,0,0,0,0,SEA,2013
153,DET,L,4,5,0,0,0,0,SEA,2013
154,LAA,L,2,3,11,1,0,1,SEA,2013
155,LAA,L,5,6,0,0,0,0,SEA,2013
156,LAA,W,3,2,0,0,0,0,SEA,2013
157,KCR,L,5,6,12,0,0,1,SEA,2013
158,KCR,W,4,0,0,0,0,0,SEA,2013
159,KCR,W,6,0,0,0,0,0,SEA,2013
160,OAK,L,2,8,0,0,0,0,SEA,2013
161,OAK,W,7,5,0,0,0,0,SEA,2013
162,OAK,L,0,9,0,0,0,0,SEA,2013
1,LAA,W,10,3,0,0,0,0,SEA,2014
2,LAA,W,8,3,0,0,0,0,SEA,2014
3,LAA,W,8,2,0,0,0,0,SEA,2014
4,OAK,L,2,3,12,1,0,1,SEA,2014
5,OAK,W,3,1,0,0,0,0,SEA,2014
6,OAK,L,3,6,0,0,0,0,SEA,2014
7,LAA,W,5,3,0,0,0,0,SEA,2014
8,LAA,L,0,2,0,0,0,0,SEA,2014
9,OAK,W,6,4,0,0,0,0,SEA,2014
10,OAK,L,1,3,0,0,0,0,SEA,2014
11,OAK,L,0,3,0,0,0,0,SEA,2014
12,TEX,W,7,1,0,0,0,0,SEA,2014
13,TEX,L,0,5,0,0,0,0,SEA,2014
14,TEX,L,2,3,0,1,0,0,SEA,2014
15,TEX,L,6,8,0,0,0,0,SEA,2014
16,MIA,L,4,8,0,1,0,0,SEA,2014
17,MIA,L,0,7,0,0,0,0,SEA,2014
18,MIA,L,2,3,0,0,0,0,SEA,2014
19,HOU,L,2,7,0,0,0,0,SEA,2014
20,HOU,L,2,5,0,0,0,0,SEA,2014
21,HOU,W,5,3,0,1,0,0,SEA,2014
22,TEX,W,6,5,0,0,0,0,SEA,2014
23,TEX,L,3,6,0,0,0,0,SEA,2014
24,TEX,W,6,5,0,0,0,0,SEA,2014
25,NYY,W,6,3,0,0,0,0,SEA,2014
26,NYY,W,4,2,0,0,0,0,SEA,2014
27,HOU,L,4,5,11,1,0,1,SEA,2014
28,HOU,W,9,8,0,0,0,0,SEA,2014
29,HOU,W,8,7,0,0,0,0,SEA,2014
30,OAK,W,4,2,0,0,0,0,SEA,2014
31,OAK,W,8,3,0,0,0,0,SEA,2014
32,OAK,W,6,4,10,0,0,1,SEA,2014
33,OAK,L,0,2,0,0,0,0,SEA,2014
34,KCR,W,1,0,0,0,0,0,SEA,2014
35,KCR,L,1,6,0,0,0,0,SEA,2014
36,KCR,W,3,1,0,0,0,0,SEA,2014
37,KCR,L,7,9,0,0,0,0,SEA,2014
38,TBR,W,12,5,0,0,0,0,SEA,2014
39,TBR,L,1,2,0,0,0,0,SEA,2014
40,TBR,L,0,2,0,0,0,0,SEA,2014
41,MIN,L,4,5,0,0,0,0,SEA,2014
42,MIN,L,3,4,0,0,0,0,SEA,2014
43,MIN,W,6,2,0,0,0,0,SEA,2014
44,TEX,W,6,2,0,0,0,0,SEA,2014
45,TEX,L,3,4,0,0,0,0,SEA,2014
46,HOU,W,3,1,0,0,0,0,SEA,2014
47,HOU,W,6,1,0,0,0,0,SEA,2014
48,HOU,L,4,9,0,0,0,0,SEA,2014
49,HOU,L,1,4,0,0,0,0,SEA,2014
50,LAA,W,5,1,0,0,0,0,SEA,2014
51,LAA,L,4,6,0,0,0,0,SEA,2014
52,LAA,W,3,1,0,0,0,0,SEA,2014
53,LAA,L,5,7,0,0,0,0,SEA,2014
54,DET,L,3,6,0,0,0,0,SEA,2014
55,DET,W,3,2,0,0,0,0,SEA,2014
56,DET,W,4,0,0,0,0,0,SEA,2014
57,NYY,W,10,2,0,0,0,0,SEA,2014
58,ATL,W,7,5,0,0,0,0,SEA,2014
59,ATL,W,2,0,0,0,0,0,SEA,2014
60,TBR,L,0,4,0,0,0,0,SEA,2014
61,TBR,W,7,4,0,0,0,0,SEA,2014
62,TBR,W,5,0,0,0,0,0,SEA,2014
63,TBR,W,3,0,0,0,0,0,SEA,2014
64,NYY,L,2,3,0,0,0,0,SEA,2014
65,NYY,L,2,4,0,0,0,0,SEA,2014
66,NYY,L,3,6,0,0,0,0,SEA,2014
67,TEX,L,0,1,0,0,0,0,SEA,2014
68,TEX,L,3,4,0,0,0,0,SEA,2014
69,TEX,W,5,1,0,0,0,0,SEA,2014
70,SDP,W,5,1,0,0,0,0,SEA,2014
71,SDP,W,6,1,0,0,0,0,SEA,2014
72,SDP,L,1,2,0,0,0,0,SEA,2014
73,SDP,L,1,4,0,0,0,0,SEA,2014
74,KCR,W,7,5,0,0,0,0,SEA,2014
75,KCR,W,2,1,0,0,0,0,SEA,2014
76,KCR,W,2,1,0,0,0,0,SEA,2014
77,BOS,W,12,3,0,0,0,0,SEA,2014
78,BOS,W,8,2,0,0,0,0,SEA,2014
79,BOS,L,4,5,0,0,0,0,SEA,2014
80,CLE,W,3,2,0,0,0,0,SEA,2014
81,CLE,L,0,5,0,0,0,0,SEA,2014
82,CLE,W,3,0,0,0,0,0,SEA,2014
83,HOU,W,10,4,0,0,0,0,SEA,2014
84,HOU,W,13,2,0,0,0,0,SEA,2014
85,HOU,W,5,2,0,0,0,0,SEA,2014
86,CHW,L,1,7,0,0,0,0,SEA,2014
87,CHW,W,3,2,14,0,0,1,SEA,2014
88,CHW,L,0,1,0,0,0,0,SEA,2014
89,MIN,W,2,0,0,0,0,0,SEA,2014
90,MIN,L,0,2,0,0,0,0,SEA,2014
91,MIN,L,1,8,0,0,0,0,SEA,2014
92,MIN,L,2,4,0,0,0,0,SEA,2014
93,OAK,W,3,2,0,0,0,0,SEA,2014
94,OAK,W,6,2,0,0,0,0,SEA,2014
95,OAK,L,1,4,0,0,0,0,SEA,2014
96,LAA,L,2,3,16,1,0,1,SEA,2014
97,LAA,W,3,2,12,0,0,1,SEA,2014
98,LAA,L,5,6,0,1,0,0,SEA,2014
99,NYM,W,5,2,0,0,0,0,SEA,2014
100,NYM,L,1,3,0,0,0,0,SEA,2014
101,NYM,L,2,3,0,0,0,0,SEA,2014
102,BAL,L,0,4,0,0,0,0,SEA,2014
103,BAL,L,1,2,10,0,0,1,SEA,2014
104,BAL,W,4,3,0,0,0,0,SEA,2014
105,BAL,L,2,3,10,0,0,1,SEA,2014
106,CLE,W,5,2,0,0,0,0,SEA,2014
107,CLE,L,0,2,0,0,0,0,SEA,2014
108,CLE,W,6,5,0,0,0,0,SEA,2014
109,BAL,L,1,2,0,0,0,0,SEA,2014
110,BAL,W,6,3,0,0,0,0,SEA,2014
111,BAL,L,0,1,0,0,0,0,SEA,2014
112,ATL,W,4,2,0,0,0,0,SEA,2014
113,ATL,W,7,3,0,0,0,0,SEA,2014
114,CHW,W,13,3,0,0,0,0,SEA,2014
115,CHW,W,4,1,0,0,0,0,SEA,2014
116,CHW,L,1,2,10,0,0,1,SEA,2014
117,CHW,W,4,2,0,0,0,0,SEA,2014
118,TOR,W,11,1,0,0,0,0,SEA,2014
119,TOR,W,6,3,0,0,0,0,SEA,2014
120,TOR,W,2,0,0,0,0,0,SEA,2014
121,DET,W,7,2,0,0,0,0,SEA,2014
122,DET,L,2,4,0,0,0,0,SEA,2014
123,DET,W,8,1,0,0,0,0,SEA,2014
124,PHI,L,1,4,0,0,0,0,SEA,2014
125,PHI,W,5,2,0,0,0,0,SEA,2014
126,PHI,L,3,4,0,0,0,0,SEA,2014
127,BOS,W,5,3,0,0,0,0,SEA,2014
128,BOS,W,7,3,0,0,0,0,SEA,2014
129,BOS,W,8,6,0,0,0,0,SEA,2014
130,TEX,L,0,2,0,0,0,0,SEA,2014
131,TEX,W,5,0,0,0,0,0,SEA,2014
132,TEX,L,4,12,0,0,0,0,SEA,2014
133,WSN,L,3,8,0,0,0,0,SEA,2014
134,WSN,L,1,3,0,0,0,0,SEA,2014
135,WSN,W,5,3,0,0,0,0,SEA,2014
136,OAK,L,1,6,0,0,0,0,SEA,2014
137,OAK,W,6,5,0,0,0,0,SEA,2014
138,OAK,W,2,1,0,0,0,0,SEA,2014
139,TEX,W,10,2,0,0,0,0,SEA,2014
140,TEX,W,7,5,0,0,0,0,SEA,2014
141,TEX,W,4,2,0,0,0,0,SEA,2014
142,TEX,L,0,1,0,0,0,0,SEA,2014
143,HOU,W,4,1,0,0,0,0,SEA,2014
144,HOU,L,1,2,0,0,0,0,SEA,2014
145,HOU,L,2,5,0,0,0,0,SEA,2014
146,OAK,W,4,2,0,0,0,0,SEA,2014
147,OAK,L,2,3,10,0,0,1,SEA,2014
148,OAK,L,0,4,0,0,0,0,SEA,2014
149,LAA,L,1,8,0,0,0,0,SEA,2014
150,LAA,W,13,2,0,0,0,0,SEA,2014
151,LAA,L,0,5,0,0,0,0,SEA,2014
152,LAA,W,3,1,0,0,0,0,SEA,2014
153,HOU,W,10,5,0,0,0,0,SEA,2014
154,HOU,L,1,10,0,0,0,0,SEA,2014
155,HOU,L,3,8,0,0,0,0,SEA,2014
156,TOR,L,4,14,0,0,0,0,SEA,2014
157,TOR,L,2,10,0,0,0,0,SEA,2014
158,TOR,L,0,1,0,0,0,0,SEA,2014
159,TOR,W,7,5,0,0,0,0,SEA,2014
160,LAA,W,4,3,0,0,0,0,SEA,2014
161,LAA,W,2,1,11,1,0,1,SEA,2014
162,LAA,W,4,1,0,0,0,0,SEA,2014
1,LAA,W,4,1,0,0,0,0,SEA,2015
2,LAA,L,0,2,0,0,0,0,SEA,2015
3,LAA,L,3,5,0,0,0,0,SEA,2015
4,OAK,L,0,12,0,0,0,0,SEA,2015
5,OAK,W,5,4,11,0,0,1,SEA,2015
6,OAK,W,8,7,10,0,0,1,SEA,2015
7,LAD,L,5,6,10,1,0,1,SEA,2015
8,LAD,L,5,6,0,1,0,0,SEA,2015
9,LAD,L,2,5,0,0,0,0,SEA,2015
10,TEX,L,1,3,0,0,0,0,SEA,2015
11,TEX,W,3,1,0,0,0,0,SEA,2015
12,TEX,W,11,10,0,1,0,0,SEA,2015
13,HOU,L,5,7,0,0,0,0,SEA,2015
14,HOU,L,3,6,0,0,0,0,SEA,2015
15,HOU,W,3,2,0,0,0,0,SEA,2015
16,MIN,W,2,0,0,0,0,0,SEA,2015
17,MIN,L,5,8,0,0,0,0,SEA,2015
18,MIN,L,2,4,11,0,0,1,SEA,2015
19,TEX,W,3,1,0,0,0,0,SEA,2015
20,TEX,W,2,1,0,0,0,0,SEA,2015
21,TEX,W,5,2,0,0,0,0,SEA,2015
22,HOU,L,2,3,10,1,0,1,SEA,2015
23,HOU,L,3,4,0,0,0,0,SEA,2015
24,HOU,L,4,11,0,0,0,0,SEA,2015
25,HOU,L,6,7,0,0,0,0,SEA,2015
26,LAA,W,3,2,0,0,0,0,SEA,2015
27,LAA,L,4,5,0,1,0,0,SEA,2015
28,LAA,L,3,4,0,1,0,0,SEA,2015
29,OAK,W,4,3,11,1,0,1,SEA,2015
30,OAK,W,7,2,0,0,0,0,SEA,2015
31,OAK,W,4,3,0,0,0,0,SEA,2015
32,SDP,W,11,4,0,0,0,0,SEA,2015
33,SDP,L,2,4,0,0,0,0,SEA,2015
34,BOS,L,1,2,0,0,0,0,SEA,2015
35,BOS,W,2,1,0,1,0,0,SEA,2015
36,BOS,L,2,4,0,0,0,0,SEA,2015
37,BOS,W,5,0,0,0,0,0,SEA,2015
38,BAL,L,4,9,0,0,0,0,SEA,2015
39,BAL,W,4,2,0,0,0,0,SEA,2015
40,BAL,L,4,5,0,0,0,0,SEA,2015
41,TOR,W,4,3,0,0,0,0,SEA,2015
42,TOR,W,3,2,0,0,0,0,SEA,2015
43,TOR,L,2,8,0,0,0,0,SEA,2015
44,TBR,W,4,1,0,0,0,0,SEA,2015
45,TBR,W,7,6,10,0,0,1,SEA,2015
46,TBR,W,3,0,0,0,0,0,SEA,2015
47,CLE,L,3,5,0,0,0,0,SEA,2015
48,CLE,W,2,1,0,0,0,0,SEA,2015
49,CLE,L,3,4,0,0,0,0,SEA,2015
50,CLE,L ,3,6,12,0,1,1,SEA,2015
51,NYY,L,2,7,0,0,0,0,SEA,2015
52,NYY,L,3,5,11,0,0,1,SEA,2015
53,NYY,L,1,3,0,0,0,0,SEA,2015
54,TBR,L,1,2,0,0,0,0,SEA,2015
55,TBR,L,0,1,0,0,0,0,SEA,2015
56,TBR,W,2,1,0,0,0,0,SEA,2015
57,TBR,L,1,3,0,0,0,0,SEA,2015
58,CLE,W,3,2,0,0,0,0,SEA,2015
59,CLE,W,9,3,0,0,0,0,SEA,2015
60,CLE,L,0,6,0,0,0,0,SEA,2015
61,HOU,L,0,10,0,0,0,0,SEA,2015
62,HOU,W,8,1,0,0,0,0,SEA,2015
63,HOU,L,0,13,0,0,0,0,SEA,2015
64,SFG,W,5,1,0,0,0,0,SEA,2015
65,SFG,L,2,6,0,0,0,0,SEA,2015
66,SFG,W,2,0,0,0,0,0,SEA,2015
67,SFG,L,0,7,0,0,0,0,SEA,2015
68,HOU,W,5,2,0,0,0,0,SEA,2015
69,HOU,W,6,3,0,0,0,0,SEA,2015
70,HOU,L,2,6,0,0,0,0,SEA,2015
71,KCR,L,1,4,0,0,0,0,SEA,2015
72,KCR,W,7,0,0,0,0,0,SEA,2015
73,KCR,L,2,8,0,0,0,0,SEA,2015
74,LAA,W,3,1,0,0,0,0,SEA,2015
75,LAA,L,2,4,0,0,0,0,SEA,2015
76,LAA,L,2,3,10,1,0,1,SEA,2015
77,SDP,W,5,0,0,0,0,0,SEA,2015
78,SDP,W,7,0,0,0,0,0,SEA,2015
79,OAK,L,0,4,0,0,0,0,SEA,2015
80,OAK,W,9,5,0,0,0,0,SEA,2015
81,OAK,L,0,2,0,0,0,0,SEA,2015
82,OAK,W,2,1,0,0,0,0,SEA,2015
83,DET,L,5,12,0,0,0,0,SEA,2015
84,DET,W,7,6,11,1,0,1,SEA,2015
85,DET,L,4,5,0,0,0,0,SEA,2015
86,LAA,W,7,2,0,0,0,0,SEA,2015
87,LAA,L,3,7,0,0,0,0,SEA,2015
88,LAA,W,5,0,0,0,0,0,SEA,2015
89,LAA,L,3,10,0,0,0,0,SEA,2015
90,NYY,L,3,4,0,0,0,0,SEA,2015
91,NYY,W,4,3,0,0,0,0,SEA,2015
92,NYY,L,1,2,0,0,0,0,SEA,2015
93,DET,L,4,5,0,0,0,0,SEA,2015
94,DET,W,11,9,0,0,0,0,SEA,2015
95,DET,L,4,9,0,0,0,0,SEA,2015
96,DET,W,3,2,12,0,0,1,SEA,2015
97,TOR,W,5,2,0,0,0,0,SEA,2015
98,TOR,L,6,8,0,0,0,0,SEA,2015
99,TOR,W,6,5,10,1,0,1,SEA,2015
100,ARI,L,3,4,10,0,0,1,SEA,2015
101,ARI,L,4,8,0,0,0,0,SEA,2015
102,ARI,L,2,8,0,0,0,0,SEA,2015
103,MIN,L,5,9,0,0,0,0,SEA,2015
104,MIN,W,6,1,0,0,0,0,SEA,2015
105,MIN,L,2,3,0,1,0,0,SEA,2015
106,MIN,W,4,1,11,0,0,1,SEA,2015
107,COL,W,8,7,0,0,0,0,SEA,2015
108,COL,W,10,4,0,0,0,0,SEA,2015
109,COL,L,5,7,11,1,0,1,SEA,2015
110,TEX,W,4,3,0,0,0,0,SEA,2015
111,TEX,L,3,11,11,0,0,1,SEA,2015
112,TEX,W,4,2,0,0,0,0,SEA,2015
113,BAL,L,2,3,0,0,0,0,SEA,2015
114,BAL,W,6,5,10,1,0,1,SEA,2015
115,BAL,W,3,0,0,0,0,0,SEA,2015
116,BOS,L,1,15,0,0,0,0,SEA,2015
117,BOS,L,10,22,0,0,0,0,SEA,2015
118,BOS,W,10,8,12,0,0,1,SEA,2015
119,TEX,L,3,4,0,1,0,0,SEA,2015
120,TEX,W,3,2,0,0,0,0,SEA,2015
121,TEX,L,2,7,0,0,0,0,SEA,2015
122,CHW,L,4,11,0,0,0,0,SEA,2015
123,CHW,L,3,6,10,0,0,1,SEA,2015
124,CHW,W,8,6,0,0,0,0,SEA,2015
125,OAK,L,5,11,0,0,0,0,SEA,2015
126,OAK,W,6,5,0,0,0,0,SEA,2015
127,OAK,W,8,2,0,0,0,0,SEA,2015
128,CHW,L,2,4,0,0,0,0,SEA,2015
129,CHW,W,2,0,0,0,0,0,SEA,2015
130,CHW,W,7,6,0,0,0,0,SEA,2015
131,CHW,L,5,6,11,1,0,1,SEA,2015
132,HOU,L,3,8,0,0,0,0,SEA,2015
133,HOU,W,7,5,0,0,0,0,SEA,2015
134,HOU,W,8,3,0,0,0,0,SEA,2015
135,OAK,W,11,8,0,0,0,0,SEA,2015
136,OAK,W,8,3,0,0,0,0,SEA,2015
137,OAK,W,3,2,0,0,0,0,SEA,2015
138,TEX,L,0,3,0,0,0,0,SEA,2015
139,TEX,L,6,9,0,0,0,0,SEA,2015
140,TEX,W,6,0,0,0,0,0,SEA,2015
141,TEX,W,5,0,0,0,0,0,SEA,2015
142,COL,L,2,4,0,0,0,0,SEA,2015
143,COL,W,7,2,0,0,0,0,SEA,2015
144,COL,L,2,3,0,0,0,0,SEA,2015
145,LAA,W,10,1,0,0,0,0,SEA,2015
146,LAA,L,3,4,0,0,0,0,SEA,2015
147,LAA,W,3,1,0,0,0,0,SEA,2015
148,TEX,W,3,1,0,0,0,0,SEA,2015
149,TEX,L,1,10,0,0,0,0,SEA,2015
150,TEX,W,9,2,0,0,0,0,SEA,2015
151,KCR,W,11,2,0,0,0,0,SEA,2015
152,KCR,L,3,4,10,1,0,1,SEA,2015
153,KCR,L,4,10,0,0,0,0,SEA,2015
154,LAA,L,4,8,0,0,0,0,SEA,2015
155,LAA,L,2,3,0,1,0,0,SEA,2015
156,LAA,L,2,3,0,0,0,0,SEA,2015
157,HOU,L,2,3,0,0,0,0,SEA,2015
158,HOU,W,6,4,0,0,0,0,SEA,2015
159,HOU,L,6,7,0,0,0,0,SEA,2015
160,OAK,L,2,4,0,0,0,0,SEA,2015
161,OAK,L,5,7,13,0,0,1,SEA,2015
162,OAK,W,3,2,0,0,0,0,SEA,2015
1,TEX,L,2,3,0,0,0,0,SEA,2016
2,TEX,W,10,2,0,0,0,0,SEA,2016
3,TEX,W,9,5,0,0,0,0,SEA,2016
4,OAK,L,2,3,0,0,0,0,SEA,2016
5,OAK,L,1,6,0,0,0,0,SEA,2016
6,OAK,L,1,2,10,0,0,1,SEA,2016
7,TEX,L,3,7,0,0,0,0,SEA,2016
8,TEX,L,0,8,0,0,0,0,SEA,2016
9,TEX,W,4,2,10,1,0,1,SEA,2016
10,NYY,W,7,1,0,0,0,0,SEA,2016
11,NYY,W,3,2,0,0,0,0,SEA,2016
12,NYY,L,3,4,0,0,0,0,SEA,2016
13,CLE,L,2,3,0,0,0,0,SEA,2016
14,CLE,W,2,1,0,0,0,0,SEA,2016
15,CLE,W,10,7,10,0,0,1,SEA,2016
16,LAA,W,5,2,10,0,0,1,SEA,2016
17,LAA,L,2,4,0,0,0,0,SEA,2016
18,LAA,W,9,4,0,0,0,0,SEA,2016
19,HOU,W,3,2,0,0,0,0,SEA,2016
20,HOU,W,11,1,0,0,0,0,SEA,2016
21,HOU,L,4,7,0,0,0,0,SEA,2016
22,KCR,W,1,0,0,0,0,0,SEA,2016
23,KCR,W,6,0,0,0,0,0,SEA,2016
24,KCR,L,1,4,0,0,0,0,SEA,2016
25,OAK,W,4,3,0,0,0,0,SEA,2016
26,OAK,W,8,2,0,0,0,0,SEA,2016
27,OAK,W,9,8,0,0,0,0,SEA,2016
28,HOU,W,6,3,0,0,0,0,SEA,2016
29,HOU,L,3,6,0,0,0,0,SEA,2016
30,HOU,W,3,2,10,0,0,1,SEA,2016
31,HOU,L,1,5,0,0,0,0,SEA,2016
32,TBR,W,5,2,0,0,0,0,SEA,2016
33,TBR,W,6,4,0,0,0,0,SEA,2016
34,TBR,W,6,5,11,1,0,1,SEA,2016
35,LAA,L,6,7,0,0,0,0,SEA,2016
36,LAA,L,7,9,0,0,0,0,SEA,2016
37,LAA,L,0,3,0,0,0,0,SEA,2016
38,BAL,W,10,0,0,0,0,0,SEA,2016
39,BAL,L,2,5,0,0,0,0,SEA,2016
40,BAL,W,7,2,0,0,0,0,SEA,2016
41,CIN,W,8,3,0,0,0,0,SEA,2016
42,CIN,W,4,0,0,0,0,0,SEA,2016
43,CIN,W,5,4,0,0,0,0,SEA,2016
44,OAK,L,0,5,0,0,0,0,SEA,2016
45,OAK,W,6,5,0,1,0,0,SEA,2016
46,OAK,W,13,3,0,0,0,0,SEA,2016
47,MIN,L,2,7,0,0,0,0,SEA,2016
48,MIN,L,5,6,0,0,0,0,SEA,2016
49,MIN,L,4,5,0,0,0,0,SEA,2016
50,SDP,W,9,3,0,0,0,0,SEA,2016
51,SDP,W,16,4,0,0,0,0,SEA,2016
52,SDP,L,6,14,0,0,0,0,SEA,2016
53,SDP,W,16,13,0,0,0,0,SEA,2016
54,TEX,L,3,7,0,0,0,0,SEA,2016
55,TEX,L,4,10,0,0,0,0,SEA,2016
56,TEX,L,2,3,0,0,0,0,SEA,2016
57,CLE,L,1,3,0,0,0,0,SEA,2016
58,CLE,W,7,1,0,0,0,0,SEA,2016
59,CLE,W,5,0,0,0,0,0,SEA,2016
60,CLE,L,3,5,0,0,0,0,SEA,2016
61,TEX,W,7,5,0,0,0,0,SEA,2016
62,TEX,L,1,2,11,0,0,1,SEA,2016
63,TEX,L,4,6,0,0,0,0,SEA,2016
64,TBR,L,7,8,0,0,0,0,SEA,2016
65,TBR,L,2,3,13,1,0,1,SEA,2016
66,TBR,W,6,4,0,0,0,0,SEA,2016
67,BOS,W,8,4,0,0,0,0,SEA,2016
68,BOS,L,2,6,0,0,0,0,SEA,2016
69,BOS,L,1,2,0,0,0,0,SEA,2016
70,DET,L,7,8,12,1,0,1,SEA,2016
71,DET,L,2,4,0,0,0,0,SEA,2016
72,DET,L,1,5,0,0,0,0,SEA,2016
73,DET,L,4,5,10,1,0,1,SEA,2016
74,STL,W,4,3,0,1,0,0,SEA,2016
75,STL,W,5,4,0,0,0,0,SEA,2016
76,STL,L,6,11,0,0,0,0,SEA,2016
77,PIT,W,5,2,0,0,0,0,SEA,2016
78,PIT,L,1,8,0,0,0,0,SEA,2016
79,BAL,W,5,3,0,0,0,0,SEA,2016
80,BAL,W,5,2,0,0,0,0,SEA,2016
81,BAL,W,12,6,0,0,0,0,SEA,2016
82,BAL,W,9,4,0,0,0,0,SEA,2016
83,HOU,L,1,2,0,0,0,0,SEA,2016
84,HOU,L,2,5,0,0,0,0,SEA,2016
85,HOU,L,8,9,0,0,0,0,SEA,2016
86,KCR,L,3,4,0,1,0,0,SEA,2016
87,KCR,W,3,2,0,0,0,0,SEA,2016
88,KCR,L,3,5,0,0,0,0,SEA,2016
89,KCR,W,8,5,0,0,0,0,SEA,2016
90,HOU,L,3,7,0,0,0,0,SEA,2016
91,HOU,W,1,0,0,0,0,0,SEA,2016
92,HOU,L,1,8,0,0,0,0,SEA,2016
93,CHW,W,4,3,0,1,0,0,SEA,2016
94,CHW,L,1,6,0,0,0,0,SEA,2016
95,CHW,W,6,5,11,1,0,1,SEA,2016
96,TOR,W,2,1,0,0,0,0,SEA,2016
97,TOR,W,14,5,0,0,0,0,SEA,2016
98,TOR,L,0,2,0,0,0,0,SEA,2016
99,PIT,W,7,4,0,0,0,0,SEA,2016
100,PIT,L,1,10,0,0,0,0,SEA,2016
101,CHC,L,1,12,0,0,0,0,SEA,2016
102,CHC,W,4,1,0,0,0,0,SEA,2016
103,CHC,L,6,7,12,1,0,1,SEA,2016
104,BOS,L,1,2,0,0,0,0,SEA,2016
105,BOS,W,5,4,0,0,0,0,SEA,2016
106,BOS,W,3,1,0,0,0,0,SEA,2016
107,BOS,L,2,3,11,0,0,1,SEA,2016
108,LAA,W,6,4,0,0,0,0,SEA,2016
109,LAA,W,8,6,0,0,0,0,SEA,2016
110,LAA,W,3,1,0,0,0,0,SEA,2016
111,DET,W,3,0,0,0,0,0,SEA,2016
112,DET,W,6,5,15,1,0,1,SEA,2016
113,DET,W,3,1,0,0,0,0,SEA,2016
114,OAK,L,3,6,0,0,0,0,SEA,2016
115,OAK,W,4,3,0,0,0,0,SEA,2016
116,OAK,W,8,4,0,0,0,0,SEA,2016
117,LAA,W,3,2,0,0,0,0,SEA,2016
118,LAA,L,6,7,0,0,0,0,SEA,2016
119,LAA,W,4,3,0,0,0,0,SEA,2016
120,LAA,L,4,6,0,0,0,0,SEA,2016
121,MIL,W,7,6,0,0,0,0,SEA,2016
122,MIL,W,8,2,0,0,0,0,SEA,2016
123,MIL,L,6,7,0,0,0,0,SEA,2016
124,NYY,W,7,5,0,0,0,0,SEA,2016
125,NYY,L,1,5,0,0,0,0,SEA,2016
126,NYY,L,0,5,0,0,0,0,SEA,2016
127,CHW,L,6,7,0,1,0,0,SEA,2016
128,CHW,W,3,1,0,0,0,0,SEA,2016
129,CHW,L,3,9,0,0,0,0,SEA,2016
130,CHW,L,1,4,0,0,0,0,SEA,2016
131,TEX,L,3,6,0,0,0,0,SEA,2016
132,TEX,L,7,8,0,1,0,0,SEA,2016
133,TEX,L,1,14,0,0,0,0,SEA,2016
134,LAA,W,11,8,0,0,0,0,SEA,2016
135,LAA,L,3,10,0,0,0,0,SEA,2016
136,LAA,L,2,4,0,0,0,0,SEA,2016
137,TEX,W,14,6,0,0,0,0,SEA,2016
138,TEX,L,7,10,0,0,0,0,SEA,2016
139,TEX,W,8,3,0,0,0,0,SEA,2016
140,TEX,W,6,3,0,0,0,0,SEA,2016
141,OAK,W,3,2,0,0,0,0,SEA,2016
142,OAK,W,14,3,0,0,0,0,SEA,2016
143,OAK,W,3,2,0,0,0,0,SEA,2016
144,LAA,W,8,1,0,0,0,0,SEA,2016
145,LAA,W,8,0,0,0,0,0,SEA,2016
146,LAA,W,2,1,0,0,0,0,SEA,2016
147,HOU,L,0,6,0,0,0,0,SEA,2016
148,HOU,L,1,2,0,0,0,0,SEA,2016
149,HOU,W,7,3,0,0,0,0,SEA,2016
150,TOR,L,2,3,0,0,0,0,SEA,2016
151,TOR,L,2,10,0,0,0,0,SEA,2016
152,TOR,W,2,1,12,1,0,1,SEA,2016
153,MIN,W,10,1,0,0,0,0,SEA,2016
154,MIN,L,2,3,0,0,0,0,SEA,2016
155,MIN,W,4,3,0,0,0,0,SEA,2016
156,HOU,W,4,3,11,0,0,1,SEA,2016
157,HOU,L,4,8,0,0,0,0,SEA,2016
158,HOU,W,12,4,0,0,0,0,SEA,2016
159,OAK,W,3,2,0,0,0,0,SEA,2016
160,OAK,W,5,1,0,0,0,0,SEA,2016
161,OAK,L,8,9,10,0,0,1,SEA,2016
162,OAK,L,2,3,0,0,0,0,SEA,2016
1,HOU,L,0,3,0,0,0,0,SEA,2017
2,HOU,L,1,2,0,0,0,0,SEA,2017
3,HOU,L,3,5,13,1,0,1,SEA,2017
4,HOU,W,4,2,0,0,0,0,SEA,2017
5,LAA,L,1,5,0,0,0,0,SEA,2017
6,LAA,L,4,5,0,0,0,0,SEA,2017
7,LAA,L,9,10,0,1,0,0,SEA,2017
8,HOU,W,6,0,0,0,0,0,SEA,2017
9,HOU,L,5,7,0,0,0,0,SEA,2017
10,HOU,L,5,10,0,0,0,0,SEA,2017
11,TEX,W,2,1,0,0,0,0,SEA,2017
12,TEX,W,5,0,0,0,0,0,SEA,2017
13,TEX,W,8,7,0,1,0,0,SEA,2017
14,MIA,W,6,1,0,0,0,0,SEA,2017
15,MIA,L,0,5,0,0,0,0,SEA,2017
16,MIA,W,10,5,0,0,0,0,SEA,2017
17,OAK,L,6,9,0,0,0,0,SEA,2017
18,OAK,L,1,3,0,0,0,0,SEA,2017
19,OAK,L,3,4,0,0,0,0,SEA,2017
20,OAK,W,11,1,0,0,0,0,SEA,2017
21,DET,L,9,19,0,0,0,0,SEA,2017
22,DET,W,8,0,0,0,0,0,SEA,2017
23,DET,W,2,1,0,0,0,0,SEA,2017
24,CLE,W,3,1,0,0,0,0,SEA,2017
25,CLE,L,3,4,0,0,0,0,SEA,2017
26,CLE,L,4,12,0,0,0,0,SEA,2017
27,LAA,L,4,6,11,0,0,1,SEA,2017
28,LAA,W,8,7,0,0,0,0,SEA,2017
29,LAA,W,11,3,0,0,0,0,SEA,2017
30,TEX,L,1,3,13,0,0,1,SEA,2017
31,TEX,W,8,2,0,0,0,0,SEA,2017
32,TEX,W,4,3,0,0,0,0,SEA,2017
33,PHI,W,10,9,0,0,0,0,SEA,2017
34,PHI,W,11,6,0,0,0,0,SEA,2017
35,TOR,L,2,7,0,0,0,0,SEA,2017
36,TOR,L,0,4,0,0,0,0,SEA,2017
37,TOR,L,2,7,0,0,0,0,SEA,2017
38,TOR,L,2,3,0,1,0,0,SEA,2017
39,OAK,W,6,5,0,0,0,0,SEA,2017
40,OAK,L,6,9,0,0,0,0,SEA,2017
41,OAK,W,4,0,0,0,0,0,SEA,2017
42,CHW,W,5,4,0,1,0,0,SEA,2017
43,CHW,L,1,2,10,0,0,1,SEA,2017
44,CHW,L,1,16,0,0,0,0,SEA,2017
45,CHW,L,1,8,0,0,0,0,SEA,2017
46,WSN,L,1,10,0,0,0,0,SEA,2017
47,WSN,L,1,5,0,0,0,0,SEA,2017
48,WSN,W,4,2,0,0,0,0,SEA,2017
49,BOS,L,0,3,0,0,0,0,SEA,2017
50,BOS,L,0,6,0,0,0,0,SEA,2017
51,BOS,W,5,0,0,0,0,0,SEA,2017
52,COL,W,6,5,0,0,0,0,SEA,2017
53,COL,W,10,4,0,0,0,0,SEA,2017
54,COL,W,5,0,0,0,0,0,SEA,2017
55,COL,L,3,6,0,0,0,0,SEA,2017
56,TBR,W,12,4,0,0,0,0,SEA,2017
57,TBR,W,9,2,0,0,0,0,SEA,2017
58,TBR,W,7,1,0,0,0,0,SEA,2017
59,MIN,W,12,3,0,0,0,0,SEA,2017
60,MIN,W,6,5,0,1,0,0,SEA,2017
61,MIN,L,1,2,0,0,0,0,SEA,2017
62,TOR,W,4,2,0,0,0,0,SEA,2017
63,TOR,L,2,4,0,0,0,0,SEA,2017
64,TOR,L,0,4,0,0,0,0,SEA,2017
65,MIN,W,14,3,0,0,0,0,SEA,2017
66,MIN,L,7,20,0,0,0,0,SEA,2017
67,MIN,W,6,4,0,0,0,0,SEA,2017
68,MIN,L,2,6,0,0,0,0,SEA,2017
69,TEX,L,4,10,0,0,0,0,SEA,2017
70,TEX,L,4,10,0,0,0,0,SEA,2017
71,TEX,W,7,3,0,0,0,0,SEA,2017
72,DET,W,6,2,0,0,0,0,SEA,2017
73,DET,W,5,4,10,1,0,1,SEA,2017
74,DET,W,7,5,0,0,0,0,SEA,2017
75,DET,W,9,6,0,0,0,0,SEA,2017
76,HOU,W,13,3,0,0,0,0,SEA,2017
77,HOU,L,2,5,0,0,0,0,SEA,2017
78,HOU,L,2,8,0,0,0,0,SEA,2017
79,PHI,L,2,8,0,0,0,0,SEA,2017
80,PHI,L,4,5,0,0,0,0,SEA,2017
81,LAA,W,10,0,0,0,0,0,SEA,2017
82,LAA,L,0,4,0,0,0,0,SEA,2017
83,LAA,W,5,3,0,0,0,0,SEA,2017
84,KCR,L,1,3,0,0,0,0,SEA,2017
85,KCR,L,3,7,0,0,0,0,SEA,2017
86,KCR,L,6,9,10,0,0,1,SEA,2017
87,OAK,L,4,7,0,0,0,0,SEA,2017
88,OAK,W,7,2,0,0,0,0,SEA,2017
89,OAK,L,3,4,0,0,0,0,SEA,2017
90,OAK,W,4,0,0,0,0,0,SEA,2017
91,CHW,W,4,2,0,0,0,0,SEA,2017
92,CHW,W,4,3,0,0,0,0,SEA,2017
93,CHW,W,7,6,10,0,0,1,SEA,2017
94,HOU,W,9,7,10,0,0,1,SEA,2017
95,HOU,L,2,6,0,0,0,0,SEA,2017
96,HOU,W,4,1,0,0,0,0,SEA,2017
97,NYY,L,1,4,0,0,0,0,SEA,2017
98,NYY,L,1,5,0,0,0,0,SEA,2017
99,NYY,W,6,5,10,1,0,1,SEA,2017
100,NYY,L,4,6,0,0,0,0,SEA,2017
101,BOS,W,4,0,0,0,0,0,SEA,2017
102,BOS,W,6,5,13,1,0,1,SEA,2017
103,BOS,L,0,4,0,0,0,0,SEA,2017
104,NYM,L,5,7,0,0,0,0,SEA,2017
105,NYM,W,3,2,0,0,0,0,SEA,2017
106,NYM,W,9,1,0,0,0,0,SEA,2017
107,TEX,W,6,4,0,0,0,0,SEA,2017
108,TEX,W,8,7,0,0,0,0,SEA,2017
109,TEX,L,1,5,0,0,0,0,SEA,2017
110,KCR,L,4,6,0,0,0,0,SEA,2017
111,KCR,W,5,2,0,0,0,0,SEA,2017
112,KCR,W,8,7,0,0,0,0,SEA,2017
113,KCR,L,1,9,0,0,0,0,SEA,2017
114,OAK,W,7,6,10,0,0,1,SEA,2017
115,OAK,W,6,3,0,0,0,0,SEA,2017
116,LAA,L,3,6,0,0,0,0,SEA,2017
117,LAA,L,5,6,0,0,0,0,SEA,2017
118,LAA,L,3,6,0,0,0,0,SEA,2017
119,LAA,L,2,4,0,0,0,0,SEA,2017
120,BAL,L,3,11,0,0,0,0,SEA,2017
121,BAL,W,3,1,0,0,0,0,SEA,2017
122,BAL,W,7,6,0,0,0,0,SEA,2017
123,TBR,W,7,1,0,0,0,0,SEA,2017
124,TBR,W,7,6,0,0,0,0,SEA,2017
125,TBR,L,0,3,0,0,0,0,SEA,2017
126,ATL,W,6,5,0,0,0,0,SEA,2017
127,ATL,L,0,4,0,0,0,0,SEA,2017
128,ATL,W,9,6,0,0,0,0,SEA,2017
129,NYY,W,2,1,11,0,0,1,SEA,2017
130,NYY,L,3,6,0,0,0,0,SEA,2017
131,NYY,L,1,10,0,0,0,0,SEA,2017
132,BAL,L,6,7,0,0,0,0,SEA,2017
133,BAL,L,0,4,0,0,0,0,SEA,2017
134,BAL,L,7,8,0,0,0,0,SEA,2017
135,OAK,W,3,2,0,0,0,0,SEA,2017
136,OAK,W,7,6,0,1,0,0,SEA,2017
137,OAK,W,10,2,0,0,0,0,SEA,2017
138,HOU,L,2,6,0,0,0,0,SEA,2017
139,HOU,L,1,3,0,0,0,0,SEA,2017
140,HOU,L,3,5,0,0,0,0,SEA,2017
141,LAA,W,4,3,0,0,0,0,SEA,2017
142,LAA,W,8,1,0,0,0,0,SEA,2017
143,LAA,L,3,5,0,0,0,0,SEA,2017
144,TEX,L,3,5,0,0,0,0,SEA,2017
145,TEX,W,10,3,0,0,0,0,SEA,2017
146,TEX,W,8,1,0,0,0,0,SEA,2017
147,TEX,W,10,4,0,0,0,0,SEA,2017
148,HOU,L,2,5,0,0,0,0,SEA,2017
149,HOU,L,6,8,0,0,0,0,SEA,2017
150,HOU,L,1,7,0,0,0,0,SEA,2017
151,TEX,L,1,3,0,0,0,0,SEA,2017
152,TEX,L,6,8,0,0,0,0,SEA,2017
153,TEX,L,2,4,0,0,0,0,SEA,2017
154,CLE,W,3,1,0,1,0,0,SEA,2017
155,CLE,L,4,11,0,0,0,0,SEA,2017
156,CLE,L,2,4,0,0,0,0,SEA,2017
157,OAK,W,7,1,0,0,0,0,SEA,2017
158,OAK,W,6,3,0,0,0,0,SEA,2017
159,OAK,L,5,6,0,1,0,0,SEA,2017
160,LAA,L,5,6,0,0,0,0,SEA,2017
161,LAA,W,6,4,0,0,0,0,SEA,2017
162,LAA,L,2,6,0,0,0,0,SEA,2017
1,CLE,W,2,1,0,0,0,0,SEA,2018
2,CLE,L,5,6,0,0,0,0,SEA,2018
3,CLE,W,5,4,0,0,0,0,SEA,2018
4,SFG,W,6,4,0,0,0,0,SEA,2018
5,SFG,L,1,10,0,0,0,0,SEA,2018
6,MIN,L,2,4,0,0,0,0,SEA,2018
7,MIN,W,11,4,0,0,0,0,SEA,2018
8,KCR,L,0,10,0,0,0,0,SEA,2018
9,KCR,W,8,3,0,0,0,0,SEA,2018
10,KCR,W,4,2,0,0,0,0,SEA,2018
11,OAK,W,7,4,0,0,0,0,SEA,2018
12,OAK,W,10,8,0,0,0,0,SEA,2018
13,OAK,L,1,2,0,0,0,0,SEA,2018
14,HOU,W,2,1,0,0,0,0,SEA,2018
15,HOU,L,1,4,0,0,0,0,SEA,2018
16,HOU,L,1,7,0,0,0,0,SEA,2018
17,HOU,L,2,9,0,0,0,0,SEA,2018
18,TEX,W,6,2,0,0,0,0,SEA,2018
19,TEX,W,9,7,0,0,0,0,SEA,2018
20,TEX,L,4,7,0,0,0,0,SEA,2018
21,CHW,L,4,10,0,0,0,0,SEA,2018
22,CHW,W,1,0,0,0,0,0,SEA,2018
23,CHW,W,4,3,0,0,0,0,SEA,2018
24,CLE,W,5,4,0,0,0,0,SEA,2018
25,CLE,L,5,6,0,0,0,0,SEA,2018
26,CLE,W,12,4,0,0,0,0,SEA,2018
27,CLE,W,10,4,0,0,0,0,SEA,2018
28,OAK,W,6,3,0,0,0,0,SEA,2018
29,OAK,L,2,3,0,0,0,0,SEA,2018
30,OAK,W,4,1,0,0,0,0,SEA,2018
31,LAA,L,0,5,0,0,0,0,SEA,2018
32,LAA,W,9,8,11,1,0,1,SEA,2018
33,LAA,L,2,8,0,0,0,0,SEA,2018
34,TOR,W,5,0,0,0,0,0,SEA,2018
35,TOR,L,2,5,0,0,0,0,SEA,2018
36,TOR,W,9,3,0,0,0,0,SEA,2018
37,DET,L,3,4,0,0,0,0,SEA,2018
38,DET,W,9,5,0,0,0,0,SEA,2018
39,DET,L,4,5,0,1,0,0,SEA,2018
40,MIN,W,1,0,0,0,0,0,SEA,2018
41,TEX,W,9,8,11,1,0,1,SEA,2018
42,TEX,L,1,5,0,0,0,0,SEA,2018
43,DET,L,2,3,0,0,0,0,SEA,2018
44,DET,W,5,4,0,0,0,0,SEA,2018
45,DET,W,7,2,0,0,0,0,SEA,2018
46,DET,W,3,2,11,1,0,1,SEA,2018
47,OAK,W,3,2,10,0,0,1,SEA,2018
48,OAK,W,1,0,0,0,0,0,SEA,2018
49,OAK,L,3,4,0,0,0,0,SEA,2018
50,MIN,W,2,1,0,0,0,0,SEA,2018
51,MIN,W,4,3,12,1,0,1,SEA,2018
52,MIN,W,3,1,0,0,0,0,SEA,2018
53,TEX,W,2,1,0,0,0,0,SEA,2018
54,TEX,L,5,9,0,0,0,0,SEA,2018
55,TEX,L,6,7,0,0,0,0,SEA,2018
56,TEX,W,6,1,0,0,0,0,SEA,2018
57,TBR,W,4,3,13,1,0,1,SEA,2018
58,TBR,W,3,1,0,0,0,0,SEA,2018
59,TBR,W,2,1,0,0,0,0,SEA,2018
60,HOU,W,7,1,0,0,0,0,SEA,2018
61,HOU,L,5,7,0,0,0,0,SEA,2018
62,TBR,W,5,4,0,0,0,0,SEA,2018
63,TBR,W,4,3,0,0,0,0,SEA,2018
64,TBR,L,3,7,0,0,0,0,SEA,2018
65,TBR,W,5,4,0,0,0,0,SEA,2018
66,LAA,W,5,3,0,0,0,0,SEA,2018
67,LAA,W,6,3,0,0,0,0,SEA,2018
68,LAA,W,8,6,0,1,0,0,SEA,2018
69,BOS,L,1,2,0,0,0,0,SEA,2018
70,BOS,W,7,6,0,0,0,0,SEA,2018
71,BOS,W,1,0,0,0,0,0,SEA,2018
72,BOS,L,3,9,0,0,0,0,SEA,2018
73,NYY,L,2,7,0,0,0,0,SEA,2018
74,NYY,L,5,7,0,1,0,0,SEA,2018
75,NYY,L,3,4,0,0,0,0,SEA,2018
76,BOS,L,10,14,0,0,0,0,SEA,2018
77,BOS,W,7,2,0,0,0,0,SEA,2018
78,BOS,L,0,5,0,0,0,0,SEA,2018
79,BAL,W,5,3,0,0,0,0,SEA,2018
80,BAL,W,3,2,0,0,0,0,SEA,2018
81,BAL,W,8,7,11,0,0,1,SEA,2018
82,BAL,W,4,2,10,0,0,1,SEA,2018
83,KCR,W,4,1,0,0,0,0,SEA,2018
84,KCR,W,6,4,0,0,0,0,SEA,2018
85,KCR,W,1,0,0,0,0,0,SEA,2018
86,LAA,W,4,1,0,0,0,0,SEA,2018
87,LAA,L,4,7,0,0,0,0,SEA,2018
88,LAA,W,4,1,0,0,0,0,SEA,2018
89,COL,L,1,7,0,0,0,0,SEA,2018
90,COL,L,1,5,0,0,0,0,SEA,2018
91,COL,W,6,4,0,0,0,0,SEA,2018
92,LAA,L,3,9,0,0,0,0,SEA,2018
93,LAA,W,3,0,0,0,0,0,SEA,2018
94,LAA,L,2,11,0,0,0,0,SEA,2018
95,COL,L,7,10,0,0,0,0,SEA,2018
96,COL,L,1,4,0,0,0,0,SEA,2018
97,COL,L,3,4,0,1,0,0,SEA,2018
98,CHW,W,3,1,0,0,0,0,SEA,2018
99,CHW,L,0,5,0,0,0,0,SEA,2018
100,CHW,W,8,2,0,0,0,0,SEA,2018
101,SFG,L,3,4,0,0,0,0,SEA,2018
102,SFG,W,3,2,0,0,0,0,SEA,2018
103,LAA,L,3,4,10,1,0,1,SEA,2018
104,LAA,L,5,11,0,0,0,0,SEA,2018
105,LAA,W,8,5,0,0,0,0,SEA,2018
106,HOU,W,2,0,0,0,0,0,SEA,2018
107,HOU,L,2,5,0,0,0,0,SEA,2018
108,HOU,L,3,8,0,0,0,0,SEA,2018
109,TOR,L,3,7,0,0,0,0,SEA,2018
110,TOR,L,2,7,0,0,0,0,SEA,2018
111,TOR,L,1,5,0,0,0,0,SEA,2018
112,TOR,W,6,3,0,0,0,0,SEA,2018
113,TEX,W,4,3,12,0,0,1,SEA,2018
114,TEX,L,4,11,0,0,0,0,SEA,2018
115,TEX,L,7,11,0,0,0,0,SEA,2018
116,HOU,W,8,6,0,0,0,0,SEA,2018
117,HOU,W,5,2,0,0,0,0,SEA,2018
118,HOU,W,3,2,0,0,0,0,SEA,2018
119,HOU,W,4,3,10,0,0,1,SEA,2018
120,OAK,L,6,7,0,0,0,0,SEA,2018
121,OAK,L,2,3,0,0,0,0,SEA,2018
122,OAK,W,2,0,12,0,0,1,SEA,2018
123,LAD,L,1,11,0,0,0,0,SEA,2018
124,LAD,W,5,4,10,1,0,1,SEA,2018
125,LAD,L,1,12,0,0,0,0,SEA,2018
126,HOU,W,7,4,0,0,0,0,SEA,2018
127,HOU,L,2,3,0,0,0,0,SEA,2018
128,HOU,L,7,10,0,0,0,0,SEA,2018
129,ARI,W,6,3,0,0,0,0,SEA,2018
130,ARI,W,4,3,10,0,0,1,SEA,2018
131,ARI,L,2,5,0,0,0,0,SEA,2018
132,SDP,L,1,2,0,0,0,0,SEA,2018
133,SDP,L,3,8,0,0,0,0,SEA,2018
134,OAK,W,7,1,0,0,0,0,SEA,2018
135,OAK,L,5,7,0,0,0,0,SEA,2018
136,OAK,W,8,7,0,0,0,0,SEA,2018
137,OAK,L,2,8,0,0,0,0,SEA,2018
138,BAL,W,2,1,0,0,0,0,SEA,2018
139,BAL,L,3,5,0,0,0,0,SEA,2018
140,BAL,W,5,2,0,0,0,0,SEA,2018
141,NYY,L,0,4,0,0,0,0,SEA,2018
142,NYY,L,2,4,0,0,0,0,SEA,2018
143,NYY,W,3,2,0,0,0,0,SEA,2018
144,SDP,L,1,2,0,0,0,0,SEA,2018
145,SDP,L,4,5,0,0,0,0,SEA,2018
146,LAA,W,8,2,0,0,0,0,SEA,2018
147,LAA,W,5,0,0,0,0,0,SEA,2018
148,LAA,W,6,5,0,0,0,0,SEA,2018
149,LAA,L,3,4,0,0,0,0,SEA,2018
150,HOU,W,4,1,0,0,0,0,SEA,2018
151,HOU,L,0,7,0,0,0,0,SEA,2018
152,HOU,W,9,0,0,0,0,0,SEA,2018
153,TEX,L,3,8,7,0,0,0,SEA,2018
154,TEX,W,13,0,0,0,0,0,SEA,2018
155,TEX,L,1,6,0,0,0,0,SEA,2018
156,OAK,L,3,7,0,0,0,0,SEA,2018
157,OAK,W,10,8,11,1,0,1,SEA,2018
158,OAK,L,3,9,0,0,0,0,SEA,2018
159,TEX,L,0,2,0,0,0,0,SEA,2018
160,TEX,W,12,6,0,0,0,0,SEA,2018
161,TEX,W,4,1,0,0,0,0,SEA,2018
162,TEX,W,3,1,0,0,0,0,SEA,2018
1,OAK,W,9,7,0,0,0,0,SEA,2019
2,OAK,W,5,4,12,0,0,1,SEA,2019
3,BOS,W,12,4,0,0,0,0,SEA,2019
4,BOS,L,6,7,0,0,0,0,SEA,2019
5,BOS,W,6,5,0,0,0,0,SEA,2019
6,BOS,W,10,8,0,0,0,0,SEA,2019
7,LAA,W,6,3,0,0,0,0,SEA,2019
8,LAA,W,2,1,0,0,0,0,SEA,2019
9,CHW,L,8,10,0,0,0,0,SEA,2019
10,CHW,W,9,2,0,0,0,0,SEA,2019
11,CHW,W,12,5,0,0,0,0,SEA,2019
12,KCR,W,13,5,0,0,0,0,SEA,2019
13,KCR,W,6,3,0,0,0,0,SEA,2019
14,KCR,W,6,5,0,0,0,0,SEA,2019
15,KCR,W,7,6,10,0,0,1,SEA,2019
16,HOU,L,6,10,0,0,0,0,SEA,2019
17,HOU,L,1,3,0,0,0,0,SEA,2019
18,HOU,L,2,3,0,0,0,0,SEA,2019
19,CLE,L,4,6,0,0,0,0,SEA,2019
20,CLE,L,2,4,0,0,0,0,SEA,2019
21,CLE,L,0,1,0,0,0,0,SEA,2019
22,LAA,W,11,10,0,0,0,0,SEA,2019
23,LAA,W,5,3,0,0,0,0,SEA,2019
24,LAA,W,6,5,0,0,0,0,SEA,2019
25,LAA,L,6,8,0,0,0,0,SEA,2019
26,SDP,L,3,6,0,0,0,0,SEA,2019
27,SDP,L,0,1,0,0,0,0,SEA,2019
28,TEX,W,14,2,0,0,0,0,SEA,2019
29,TEX,W,5,4,11,1,0,1,SEA,2019
30,TEX,L,1,15,0,0,0,0,SEA,2019
31,TEX,L,1,14,0,0,0,0,SEA,2019
32,CHC,L,5,6,0,0,0,0,SEA,2019
33,CHC,L,0,11,0,0,0,0,SEA,2019
34,CLE,L,1,2,0,1,0,0,SEA,2019
35,CLE,L,4,5,0,0,0,0,SEA,2019
36,CLE,W,10,0,0,0,0,0,SEA,2019
37,NYY,L,3,7,0,0,0,0,SEA,2019
38,NYY,L,4,5,0,1,0,0,SEA,2019
39,NYY,W,10,1,0,0,0,0,SEA,2019
40,NYY,L,1,3,0,0,0,0,SEA,2019
41,BOS,L,1,14,0,0,0,0,SEA,2019
42,BOS,L,5,9,0,0,0,0,SEA,2019
43,BOS,L,2,11,0,0,0,0,SEA,2019
44,OAK,W,6,5,10,1,0,1,SEA,2019
45,OAK,W,4,3,0,0,0,0,SEA,2019
46,MIN,L,6,11,0,0,0,0,SEA,2019
47,MIN,L,1,7,0,0,0,0,SEA,2019
48,MIN,L,4,18,0,0,0,0,SEA,2019
49,MIN,W,7,4,0,0,0,0,SEA,2019
50,TEX,L,9,10,0,0,0,0,SEA,2019
51,TEX,L,3,5,0,0,0,0,SEA,2019
52,TEX,L,1,2,0,0,0,0,SEA,2019
53,OAK,L,2,6,0,0,0,0,SEA,2019
54,OAK,L,5,6,0,0,0,0,SEA,2019
55,OAK,L,1,7,0,0,0,0,SEA,2019
56,TEX,W,6,2,0,0,0,0,SEA,2019
57,TEX,L,4,11,0,0,0,0,SEA,2019
58,TEX,L,7,8,0,0,0,0,SEA,2019
59,LAA,L,3,9,0,0,0,0,SEA,2019
60,LAA,W,4,3,0,0,0,0,SEA,2019
61,LAA,L,3,6,0,0,0,0,SEA,2019
62,LAA,L,3,13,0,0,0,0,SEA,2019
63,HOU,L,2,4,0,0,0,0,SEA,2019
64,HOU,L,5,11,0,0,0,0,SEA,2019
65,HOU,W,14,1,0,0,0,0,SEA,2019
66,HOU,L,7,8,14,0,0,1,SEA,2019
67,LAA,W,6,2,0,0,0,0,SEA,2019
68,LAA,L,3,12,0,0,0,0,SEA,2019
69,LAA,W,9,3,0,0,0,0,SEA,2019
70,MIN,L,5,6,0,0,0,0,SEA,2019
71,MIN,W,9,6,10,0,0,1,SEA,2019
72,MIN,L,5,10,0,0,0,0,SEA,2019
73,OAK,W,9,2,0,0,0,0,SEA,2019
74,OAK,L,2,11,0,0,0,0,SEA,2019
75,OAK,W,6,3,0,0,0,0,SEA,2019
76,KCR,L,4,6,0,0,0,0,SEA,2019
77,KCR,L,0,9,0,0,0,0,SEA,2019
78,KCR,W,8,2,0,0,0,0,SEA,2019
79,BAL,W,5,2,0,0,0,0,SEA,2019
80,BAL,W,10,9,0,0,0,0,SEA,2019
81,BAL,L,4,8,0,0,0,0,SEA,2019
82,BAL,W,13,3,0,0,0,0,SEA,2019
83,MIL,W,8,3,0,0,0,0,SEA,2019
84,MIL,W,4,2,0,0,0,0,SEA,2019
85,MIL,L,2,4,0,0,0,0,SEA,2019
86,HOU,L,1,2,10,1,0,1,SEA,2019
87,HOU,L,5,6,10,1,0,1,SEA,2019
88,HOU,L,1,6,0,0,0,0,SEA,2019
89,STL,W,5,4,0,0,0,0,SEA,2019
90,STL,L,2,5,0,0,0,0,SEA,2019
91,STL,L,4,5,0,0,0,0,SEA,2019
92,OAK,L,2,5,0,0,0,0,SEA,2019
93,OAK,W,6,3,0,0,0,0,SEA,2019
94,OAK,L,4,7,0,0,0,0,SEA,2019
95,LAA,L,0,13,0,0,0,0,SEA,2019
96,LAA,L,2,9,0,0,0,0,SEA,2019
97,LAA,L,3,6,0,0,0,0,SEA,2019
98,OAK,L,2,9,0,0,0,0,SEA,2019
99,OAK,L,2,10,0,0,0,0,SEA,2019
100,LAA,W,10,0,0,0,0,0,SEA,2019
101,LAA,L,2,6,0,0,0,0,SEA,2019
102,LAA,L,3,9,0,0,0,0,SEA,2019
103,TEX,W,7,3,0,0,0,0,SEA,2019
104,TEX,L,2,7,0,0,0,0,SEA,2019
105,TEX,W,5,3,0,0,0,0,SEA,2019
106,DET,W,10,2,0,0,0,0,SEA,2019
107,DET,W,3,2,0,1,0,0,SEA,2019
108,DET,W,8,1,0,0,0,0,SEA,2019
109,DET,W,3,2,10,1,0,1,SEA,2019
110,TEX,W,8,5,0,0,0,0,SEA,2019
111,TEX,L,7,9,0,0,0,0,SEA,2019
112,HOU,L,2,10,0,0,0,0,SEA,2019
113,HOU,L,0,9,0,0,0,0,SEA,2019
114,HOU,L,1,3,0,0,0,0,SEA,2019
115,SDP,L,4,9,0,0,0,0,SEA,2019
116,SDP,W,3,2,0,0,0,0,SEA,2019
117,TBR,L,3,5,0,0,0,0,SEA,2019
118,TBR,L,4,5,0,0,0,0,SEA,2019
119,TBR,L,0,1,0,0,0,0,SEA,2019
120,DET,W,11,6,0,0,0,0,SEA,2019
121,DET,L,2,3,0,0,0,0,SEA,2019
122,DET,W,7,2,0,0,0,0,SEA,2019
123,TOR,L,3,7,0,0,0,0,SEA,2019
124,TOR,W,4,3,0,0,0,0,SEA,2019
125,TOR,W,7,0,0,0,0,0,SEA,2019
126,TBR,W,9,3,0,0,0,0,SEA,2019
127,TBR,W,7,4,0,0,0,0,SEA,2019
128,TBR,L,6,7,0,1,0,0,SEA,2019
129,TOR,W,7,4,0,0,0,0,SEA,2019
130,TOR,L,5,7,0,0,0,0,SEA,2019
131,TOR,W,3,1,0,0,0,0,SEA,2019
132,NYY,L,4,5,0,0,0,0,SEA,2019
133,NYY,L,0,7,0,0,0,0,SEA,2019
134,NYY,L,3,7,0,0,0,0,SEA,2019
135,TEX,W,5,3,0,0,0,0,SEA,2019
136,TEX,L,3,6,0,0,0,0,SEA,2019
137,TEX,L,2,3,0,1,0,0,SEA,2019
138,TEX,W,11,3,0,0,0,0,SEA,2019
139,CHC,L,1,5,0,0,0,0,SEA,2019
140,CHC,L,1,6,0,0,0,0,SEA,2019
141,HOU,L,9,11,13,1,0,1,SEA,2019
142,HOU,L,4,7,0,0,0,0,SEA,2019
143,HOU,L,1,2,0,0,0,0,SEA,2019
144,HOU,L,1,21,0,0,0,0,SEA,2019
145,CIN,W,4,3,0,0,0,0,SEA,2019
146,CIN,W,5,3,0,0,0,0,SEA,2019
147,CIN,L,5,11,0,0,0,0,SEA,2019
148,CHW,L,7,9,0,0,0,0,SEA,2019
149,CHW,W,2,1,10,1,0,1,SEA,2019
150,CHW,W,11,10,0,1,0,0,SEA,2019
151,PIT,W,6,0,0,0,0,0,SEA,2019
152,PIT,W,4,1,0,0,0,0,SEA,2019
153,PIT,W,6,5,11,0,0,1,SEA,2019
154,BAL,L,3,5,0,0,0,0,SEA,2019
155,BAL,W,7,6,13,0,0,1,SEA,2019
156,BAL,L,1,2,0,0,0,0,SEA,2019
157,HOU,L,0,3,0,0,0,0,SEA,2019
158,HOU,L,0,3,0,0,0,0,SEA,2019
159,OAK,L,1,3,0,0,0,0,SEA,2019
160,OAK,W,4,3,0,1,0,0,SEA,2019
161,OAK,L,0,1,0,0,0,0,SEA,2019
162,OAK,W,3,1,0,0,0,0,SEA,2019
